fips,county,Lat,Long
53061,Snohomish,48.0639,-122.092
17031,Cook,42.1347,-87.7641
6059,Orange,33.8002,-117.9935
4013,Maricopa,33.3858,-112.3236
6037,Los Angeles,33.9716,-117.8911
6085,Santa Clara,37.434,-121.8921
25025,Suffolk,42.3188,-71.0846
6075,San Francisco,37.7562,-122.443
55025,Dane,43.054,-89.3334
6073,San Diego,32.8439,-116.7585
48029,Bexar,29.5545,-98.3404
31055,Douglas,41.239,-96.3526
6023,Humboldt,40.3987,-123.9474
6067,Sacramento,38.574,-121.2523
6095,Solano,38.1133,-122.2359
53063,Spokane,47.4513,-117.1307
49035,Salt Lake,40.4743,-111.9383
6041,Marin,38.2436,-122.956
6055,Napa,38.5063,-122.4682
6097,Sonoma,38.7173,-122.9034
41067,Washington,45.5272,-122.936
53033,King,47.4122,-122.4726
6001,Alameda,37.6861,-121.7608
12057,Hillsborough,27.7065,-82.4209
12081,Manatee,27.5107,-82.7152
6061,Placer,39.2138,-120.8033
6081,San Mateo,37.586,-122.3669
13121,Fulton,33.6609,-84.4093
25021,Norfolk,42.1648,-71.3544
33009,Grafton,44.0364,-71.6895
53071,Walla Walla,46.1991,-118.9728
6013,Contra Costa,37.9722,-122.0016
37183,Wake,35.8366,-78.8348
34003,Bergen,40.8247,-74.0613
36119,Westchester,40.9469,-73.7316
48157,Fort Bend,29.546,-95.822
53007,Chelan,47.5175,-120.4671
8035,Douglas,39.5357,-104.8032
8059,Jefferson,39.7406,-105.2118
12113,Santa Rosa,30.7826,-87.2309
24031,Montgomery,39.036,-77.0934
25017,Middlesex,42.4518,-71.4035
32003,Clark,36.0146,-115.0362
32031,Washoe,40.6451,-119.3614
36059,Nassau,40.799,-73.6491
47187,Williamson,35.9216,-86.8525
48201,Harris,29.8671,-95.0537
4021,Pinal,33.1427,-111.7853
6113,Yolo,38.8926,-121.9741
8031,Denver,39.7621,-104.8759
8037,Eagle,39.6386,-106.3608
8041,El Paso,39.0453,-104.8288
12011,Broward,26.1593,-80.1395
12071,Lee,26.7123,-81.8684
13233,Polk,34.0225,-85.248
15003,Honolulu,21.4921,-157.8721
18097,Marion,39.8325,-86.2002
21067,Fayette,38.0423,-84.4587
27123,Ramsey,44.984,-93.0247
34007,Camden,39.8969,-75.089
36087,Rockland,41.1213,-74.0685
37037,Chatham,35.6239,-79.0768
40143,Tulsa|Okmulgee,35.8602,-95.9753
42045,Delaware,39.8926,-75.4698
42127,Wayne,41.3957,-75.2731
45019,Charleston,32.7768,-80.2272
45055,Kershaw,34.4143,-80.3487
49011,Davis,40.9846,-111.9064
49053,Washington,37.2373,-113.3471
53011,Clark,45.9122,-122.4795
53031,Jefferson,47.9101,-122.7006
53053,Pierce,46.9994,-122.3921
6019,Fresno,36.5399,-119.845
6039,Madera,36.964,-120.0803
6065,Riverside,33.9797,-116.9694
6087,Santa Cruz,37.0555,-122.0118
11001,District of Columbia,38.9047,-77.0163
12015,Charlotte,26.9226,-82.3537
12091,Okaloosa,30.4127,-86.6588
12127,Volusia,28.8815,-81.324
13067,Cobb,33.866,-84.6839
13135,Gwinnett|Hall,34.1354,-83.9763
20091,Johnson,39.0141,-94.6172
25003,Berkshire,42.6844,-73.1166
29189,St. Louis,38.5242,-90.3365
33015,Rockingham,42.885,-70.8234
36091,Saratoga,42.9468,-73.6441
41029,Jackson,42.3845,-123.1408
41035,Klamath,42.4419,-121.2716
42091,Montgomery,40.1873,-75.4581
50003,Bennington,42.8848,-73.2143
51059,Fairfax,38.7773,-77.2633
53037,Kittitas,47.2507,-121.0989
9001,Fairfield,41.1144,-73.4215
13057,Cherokee,34.1026,-84.5085
18063,Hendricks,39.8329,-86.3824
19103,Johnson,41.7067,-91.6582
21097,Harrison,38.5206,-84.3836
21111,Jefferson,38.205,-85.727
24025,Harford,39.4861,-76.3908
25027,Worcester|Middlesex,42.5438,-71.6147
27019,Carver,44.8634,-93.6586
34031,Passaic,40.9628,-74.1844
36103,Suffolk,40.933,-72.4047
36111,Ulster,41.6655,-74.3912
41019,Douglas,43.0227,-123.2811
41047,Marion,45.2286,-122.7572
45083,Spartanburg,34.6439,-81.8584
47037,Davidson,36.0652,-86.8403
47157,Shelby,35.2594,-89.668
53035,Kitsap,47.5508,-122.6655
4019,Pima,32.0596,-111.2865
6089,Shasta,40.8005,-121.9375
8005,Arapahoe,39.5993,-105.035
8069,Larimer,40.8071,-105.5864
13089,DeKalb,33.8842,-84.3008
13113,Fayette,33.2925,-84.4588
13115,Floyd,34.2662,-85.1862
18113,Noble|LaGrange,41.5256,-85.3667
19155,Pottawattamie,41.4516,-95.6175
22051,Jefferson,29.9072,-90.1933
24033,Prince George's,39.0603,-76.8456
34017,Hudson,40.7927,-74.0048
34025,Monmouth,40.2324,-74.2943
34039,Union,40.6657,-74.1912
39035,Cuyahoga,41.4094,-81.5625
42089,Monroe,40.8998,-75.3179
48085,Collin,33.2016,-96.6669
51810,Virginia Beach,36.7335,-76.0435
55093,Pierce|St. Croix,44.8608,-92.6244
6077,San Joaquin,38.1218,-121.2933
6111,Ventura,34.2819,-119.1452
8051,Gunnison,38.6086,-106.5164
12001,Alachua,29.506,-82.2806
12021,Collier,26.0889,-81.7031
12089,Nassau,30.658,-81.4504
12101,Pasco,28.183,-82.1539
12103,Pinellas,27.9087,-82.7162
13049,Charlton,30.8392,-82.0073
17089,Kane|DuPage|Will|Kendall,41.7637,-88.2901
17111,McHenry,42.4028,-88.2117
18001,Adams,40.5975,-84.9569
18011,Boone,39.999,-86.2921
22071,Orleans,30.0687,-89.9288
25009,Essex,42.5335,-70.9724
26125,Oakland,42.7827,-83.2456
26163,Wayne,42.1395,-83.193
27003,Anoka,45.0484,-93.2472
34005,Burlington,39.9016,-74.9297
41051,Multnomah,45.5358,-122.4205
42101,Philadelphia,40.0077,-75.1339
46005,Beadle,44.4338,-97.9885
46023,Charles Mix,43.1559,-98.5362
46035,Davison,43.7127,-98.2609
46099,Minnehaha,43.5511,-96.6354
47163,Sullivan,36.4586,-82.277
48113,Dallas|Kaufman,32.653,-96.5455
48339,Montgomery,30.1811,-95.155
48439,Tarrant,32.8605,-97.218
49057,Weber,41.1717,-112.048
51107,Loudoun,39.1319,-77.7681
53057,Skagit,48.4878,-122.6292
53073,Whatcom,48.923,-122.7543
5069,Jefferson,34.4429,-92.1843
6099,Stanislaus,37.6374,-121.0028
8097,Pitkin,39.2203,-106.9393
10003,New Castle,39.8056,-75.4862
12086,Miami-Dade,25.8787,-80.125
12109,St. Johns,30.19,-81.3704
13015,Bartow,34.3702,-84.9214
13177,Lee,31.7325,-84.1687
13185,Lowndes,30.9941,-83.3787
17097,Lake,42.379,-88.0811
18067,Howard,40.4765,-85.9625
18081,Johnson,39.6019,-86.1073
18141,St. Joseph,41.6736,-86.1669
22017,Caddo,32.6091,-93.8841
24005,Baltimore,39.424,-76.6177
27109,Olmsted,43.8606,-92.4896
28035,Forrest|Lamar,31.3074,-89.317
34023,Middlesex,40.4489,-74.2495
35001,Bernalillo,35.0609,-106.4587
35049,Santa Fe,35.8464,-105.9948
35053,Socorro,34.2183,-106.9151
36055,Monroe,43.2137,-77.9403
38101,Ward,48.2573,-101.4146
39151,Stark,40.7978,-81.468
41017,Deschutes,44.2614,-121.2995
41043,Linn,44.3561,-122.865
41053,Polk,44.8551,-123.1948
41059,Umatilla,45.976,-118.501
42017,Bucks,40.5965,-75.1987
45057,Lancaster,34.7247,-80.7802
46009,Bon Homme,42.7822,-97.9816
48183,Gregg|Upshur,32.5426,-94.9465
50007,Chittenden,44.4877,-73.2314
51013,Arlington,38.8786,-77.1011
53029,Island,48.1865,-122.4708
53067,Thurston,46.8537,-122.8607
55039,Fond du Lac,43.8377,-88.3465
55133,Waukesha,43.1229,-88.3838
56033,Sheridan,44.9488,-107.3077
2020,Anchorage,61.1508,-149.1091
5119,Pulaski,34.7926,-92.1959
6107,Tulare,36.379,-119.0312
8001,Adams|Arapahoe,39.7084,-104.7274
9005,Litchfield,41.7457,-73.1893
12019,Clay,30.0472,-81.7855
12031,Duval,30.3165,-81.4118
12099,Palm Beach,26.6815,-80.1265
12115,Sarasota,27.3328,-82.4616
12117,Seminole,28.7893,-81.276
19027,Carroll,42.1225,-94.7837
20209,Wyandotte,39.1234,-94.7443
21173,Montgomery,37.997,-83.8926
23001,Androscoggin,44.0086,-70.057
26065,Ingham,42.5558,-84.303
26081,Kent,42.8909,-85.7066
26117,Montcalm,43.2928,-85.0789
26147,St. Clair,42.8262,-82.493
26161,Washtenaw,42.2755,-83.7312
27037,Dakota,44.9096,-93.1301
27053,Hennepin,44.9394,-93.5891
27145,Stearns,45.465,-94.3222
29077,Greene,37.1193,-93.3683
31025,Cass,40.8691,-96.14
32510,Carson City,39.1511,-119.7474
34013,Essex,40.8428,-74.2014
34027,Morris,40.7966,-74.4772
36001,Albany,42.7199,-73.8333
36025,Delaware,42.4459,-74.9088
36027,Dutchess,41.6191,-73.7944
36043,Herkimer,43.1859,-75.0151
36071,Orange,41.3782,-74.6909
37025,Cabarrus|Rowan,35.4764,-80.6403
37067,Forsyth|Stokes,36.2587,-80.236
37101,Johnston,35.4669,-78.1612
37119,Mecklenburg,35.0864,-80.8915
37133,Onslow,34.7498,-77.3209
39155,Trumbull,41.3421,-80.5277
41005,Clackamas,45.4239,-122.447
42095,Northampton,40.8811,-75.1861
42103,Pike,41.3666,-74.6997
47093,Knox,36.0673,-83.765
51510,Alexandria,38.8185,-77.0861
51085,Hanover,37.7668,-77.3706
51147,Prince Edward|Cumberland,37.2959,-78.4002
51153,Prince William,38.6473,-77.3459
53013,Columbia,46.3168,-117.9769
53027,Grays Harbor,46.8304,-124.0898
53077,Yakima,46.7026,-120.756
1051,Elmore,32.6314,-86.3268
1073,Jefferson,33.544,-86.6599
1083,Limestone,34.9847,-86.8373
1101,Montgomery,32.3473,-86.2666
1125,Tuscaloosa,33.2302,-87.4827
6069,San Benito,36.8457,-121.5384
8019,Clear Creek,39.7241,-105.4306
8101,Pueblo,38.2351,-104.3434
8107,Routt,40.2738,-106.9574
8117,Summit,39.5817,-105.8681
8123,Weld,40.8691,-104.2259
12095,Orange,28.4727,-81.4169
12097,Osceola,28.3349,-81.3539
13129,Gordon,34.4379,-84.6999
13151,Henry,33.4399,-84.1508
16001,Ada,43.7223,-116.3861
19085,Harrison,41.8082,-96.0274
20015,Butler,37.9636,-97.146
22089,St. Charles,29.9986,-90.4036
22103,St. Tammany,30.3687,-89.7495
22109,Terrebonne,29.3864,-90.7081
23005,Cumberland,43.6954,-70.3539
24003,Anne Arundel|Howard,39.1457,-76.7745
24017,Charles,38.2646,-76.8496
26017,Bay,43.5903,-83.8886
26029,Charlevoix,45.2719,-84.9413
26089,Leelanau,44.896,-85.99
26099,Macomb,42.5809,-83.0305
27171,Wright|Hennepin,45.092,-93.7453
28029,Copiah,31.9903,-90.354
28083,Leflore,33.5173,-90.3444
28109,Pearl River,30.574,-89.6419
29083,Henry,38.4331,-93.9342
30031,Gallatin,45.6828,-111.0549
30049,Lewis and Clark,46.7289,-112.0627
30093,Silver Bow,46.0366,-112.5396
30111,Yellowstone,46.0988,-108.8789
34029,Ocean,40.0384,-74.1678
36093,Schenectady,42.8614,-73.9206
37191,Wayne,35.3777,-77.972
40109,Oklahoma,35.5706,-97.5567
42029,Chester|Delaware,39.9343,-75.5306
42041,Cumberland,40.2311,-77.0727
42125,Washington,40.332,-80.256
46087,McCook,43.5978,-97.2926
47065,Hamilton,35.2571,-85.174
47089,Jefferson,36.1087,-83.297
47149,Rutherford,35.9573,-86.3678
48027,Bell,31.0525,-97.479
48141,El Paso,31.811,-106.1643
48167,Galveston|Chambers,29.4128,-94.9658
48423,Smith,32.2222,-95.2217
48453,Travis,30.4088,-98.0451
51660,Harrisonburg,38.4362,-78.8735
53025,Grant,47.1949,-119.3186
55079,Milwaukee,42.937,-88.0018
55101,Racine,42.8088,-88.215
55117,Sheboygan,43.6766,-87.9478
56013,Fremont,43.0069,-108.9205
1003,Baldwin,30.2758,-87.7014
4009,Graham,32.8138,-109.6291
6079,San Luis Obispo,35.7309,-120.8702
8013,Boulder,40.0726,-105.5136
8077,Mesa,39.0877,-108.5673
9003,Hartford,41.5832,-72.8915
9009,New Haven,41.3265,-73.0833
13077,Coweta,33.326,-84.6371
15007,Kauai,22.2186,-159.561
16013,Blaine,43.5141,-114.3
16081,Teton,43.7294,-111.103
17035,Cumberland,39.3215,-88.4504
17043,DuPage,41.7635,-87.9456
17167,Sangamon,39.7577,-89.9026
17163,St. Clair,38.3188,-89.8743
17203,Woodford,40.7406,-89.0181
18091,LaPorte,41.7563,-86.8181
18179,Wells,40.6568,-85.2225
19049,Dallas,41.5905,-94.1963
20059,Franklin,38.5482,-95.1011
21017,Bourbon,38.2016,-84.2719
21179,Nelson,37.7838,-85.6803
22015,Bossier,32.5606,-93.5625
22057,Lafourche,29.5164,-90.3291
22095,St. John the Baptist,29.9205,-90.6458
24013,Carroll,39.657,-77.1683
25001,Barnstable,41.6012,-70.6364
25005,Bristol,41.9726,-71.1854
26115,Monroe,41.8049,-83.4426
27129,Renville,44.5283,-94.7231
30063,Missoula,47.0326,-114.3397
34021,Mercer,40.2236,-74.7641
35043,Sandoval,35.2366,-106.6191
36007,Broome,42.1716,-75.8586
36107,Tioga,42.2149,-76.496
36109,Tompkins,42.4113,-76.4883
37019,Brunswick,34.283,-78.029
37049,Craven,35.2155,-77.4337
37085,Harnett,35.3999,-78.814
39013,Belmont,40.0105,-80.8814
39017,Butler,39.4791,-84.462
39049,Franklin,40.0251,-82.8637
39093,Lorain,41.2665,-82.304
39153,Summit,41.1386,-81.4344
39157,Tuscarawas,40.2761,-81.5949
40065,Jackson,34.6268,-99.1373
42003,Allegheny,40.417,-80.0544
45013,Beaufort,32.4599,-80.7869
45063,Lexington,33.9458,-81.0433
47013,Campbell,36.3718,-84.1256
48039,Brazoria,29.0455,-95.5673
48209,Hays,30.0392,-97.8915
49043,Summit,40.6813,-111.2829
50023,Washington,44.1617,-72.4722
50027,Windsor,43.33,-72.5262
51041,Chesterfield,37.3273,-77.3194
51177,Spotsylvania,38.3036,-77.7276
53039,Klickitat,45.6599,-120.9698
55139,Winnebago,44.0391,-88.7378
1081,Lee,32.6049,-85.5948
1117,Shelby,33.2846,-86.8756
5051,Garland,34.4269,-93.0887
5125,Saline,34.5095,-92.6406
6071,San Bernardino,34.0714,-117.6981
6083,Santa Barbara,34.4382,-119.6286
8045,Garfield,39.4667,-107.2599
12003,Baker,30.2752,-82.1603
12017,Citrus,28.8006,-82.3372
13059,Clarke,33.9666,-83.2815
13063,Clayton,33.4773,-84.36
13095,Dougherty,31.4756,-84.101
13217,Newton,33.5739,-83.894
15009,Maui,21.0704,-156.8355
17027,Clinton,38.607,-89.6844
17195,Whiteside,41.7173,-89.9238
17201,Winnebago,42.45,-89.0631
18057,Hamilton,39.9658,-86.1461
19005,Allamakee,43.2084,-91.296
19153,Polk,41.6776,-93.7946
21049,Clark,38.0017,-84.1908
22087,St. Bernard,29.8625,-89.8877
24510,Baltimore,39.3051,-76.6144
24027,Howard,39.1941,-76.7427
25013,Hampden,42.2125,-72.6411
25023,Plymouth,42.2121,-70.7652
26139,Ottawa,43.0553,-86.2201
27161,Waseca,43.8938,-93.4939
27163,Washington,45.0598,-92.9777
28049,Hinds|Madison,32.3163,-90.2124
33011,Hillsborough,43.001,-71.5171
36029,Erie,43.0085,-78.6308
36039,Greene,42.1773,-74.0229
36057,Montgomery,42.942,-74.1907
36079,Putnam,41.4228,-73.6069
37189,Watauga,36.2074,-81.786
37195,Wilson,35.6055,-77.82
39095,Lucas,41.4906,-83.8747
39103,Medina,41.0349,-82.0123
40027,Cleveland,35.2335,-97.3471
40071,Kay,36.6788,-97.3281
40119,Payne,36.2313,-96.9302
41071,Yamhill,45.211,-123.1918
42077,Lehigh,40.5165,-75.5545
42079,Luzerne,41.2867,-75.8967
45007,Anderson,34.6433,-82.4588
45045,Greenville,34.8821,-82.3336
45051,Horry,33.6092,-78.9772
48121,Denton,33.133,-97.3014
49049,Utah,40.0054,-111.7474
53041,Lewis,46.7225,-122.9695
53043,Lincoln,47.3048,-117.9713
2090,Fairbanks North Star,64.9061,-147.6957
5023,Cleburne,35.5672,-92.1689
5025,Cleveland,33.7565,-92.2401
5041,Desha,33.6279,-91.3952
5079,Lincoln,34.0789,-91.698
6057,Nevada,39.3718,-121.106
12033,Escambia,30.4158,-87.3028
12069,Lake,29.1635,-81.5349
13117,Forsyth,34.2064,-84.1337
13139,Hall|Banks,34.3956,-83.6655
13223,Paulding,33.8771,-84.771
13285,Troup,33.1674,-84.9027
17143,Peoria,40.935,-89.7547
17197,Will,41.4399,-87.6231
18005,Bartholomew,39.2094,-85.9183
18043,Floyd,38.3513,-85.9372
22005,Ascension,30.1828,-90.8674
24021,Frederick,39.3237,-77.3411
24041,Talbot,38.7884,-76.2243
27009,Benton,45.7525,-94.2317
27013,Blue Earth,43.9626,-94.1666
28045,Hancock,30.3791,-89.3707
28095,Monroe,33.746,-88.4095
29037,Cass,38.7306,-94.4736
33003,Carroll,44.0524,-71.1247
34019,Hunterdon,40.6159,-74.772
34035,Somerset,40.5361,-74.5745
36003,Allegany,42.3193,-77.7386
36067,Onondaga,43.0409,-76.1438
36069,Ontario,42.8095,-77.2582
37063,Durham,36.0418,-78.8091
39055,Geauga,41.4318,-81.3351
40017,Canadian,35.6014,-98.1247
41003,Benton,44.3307,-123.3625
45039,Fairfield,34.3718,-81.0907
47155,Sevier,35.8873,-83.5678
48037,Bowie,33.5076,-94.6167
48321,Matagorda,28.8727,-96.2172
49045,Tooele,40.4496,-112.3672
49051,Wasatch,40.4733,-111.2533
50017,Orange,44.1538,-72.0617
51179,Stafford,38.4597,-77.3806
51199,York,37.2352,-76.5146
55087,Outagamie,44.4449,-88.5768
55141,Wood,44.6057,-89.8549
1089,Madison,34.8491,-86.5222
1115,St. Clair,33.5609,-86.2668
2130,Ketchikan Gateway,55.3232,-131.5891
4017,Navajo,33.9965,-109.9593
6029,Kern,35.6411,-118.4047
6053,Monterey,36.6247,-121.6465
10005,Sussex,38.4603,-75.0542
12009,Brevard,28.6928,-80.8468
12105,Polk,27.8868,-81.8213
13245,Richmond,33.2906,-82.0994
13313,Whitfield,34.8497,-85.0395
15001,Hawaii,20.0397,-155.3696
16065,Madison,43.8222,-111.7924
18047,Franklin,39.4233,-85.0114
18089,Lake,41.443,-87.4702
19001,Adair,41.29,-94.5601
19013,Black Hawk,42.492,-92.3522
20045,Douglas,38.9344,-95.0956
20057,Ford,37.7304,-99.937
21143,Lyon,37.0759,-88.0769
22033,East Baton Rouge,30.5467,-91.1225
22117,Washington,30.8479,-90.1459
23011,Kennebec,44.191,-69.7921
23017,Oxford,44.219,-70.5113
23031,York,43.4244,-70.7573
26075,Jackson,42.1762,-84.6456
26137,Otsego,45.1436,-84.6639
27091,Martin,43.6441,-94.4621
27103,Nicollet,44.3296,-93.9659
28047,Harrison,30.4422,-88.9512
28059,Jackson,30.5905,-88.4846
29019,Boone,39.2105,-92.1342
29051,Cole,38.5157,-92.0647
29095,Jackson,39.1363,-94.1307
31107,Knox,42.8386,-97.8495
31153,Sarpy,41.0718,-95.9255
34015,Gloucester,39.7458,-75.3117
34041,Warren,40.6774,-75.1558
35055,Taos,36.7041,-105.4064
36019,Clinton,44.6951,-73.4563
36083,Rensselaer,42.5332,-73.7493
36105,Sullivan,41.7962,-74.7429
36121,Wyoming,42.6312,-78.0525
37097,Iredell,35.6871,-80.8832
37163,Sampson,34.7859,-78.3947
38015,Burleigh,46.814,-100.7695
38017,Cass,47.0065,-97.2241
39031,Coshocton,40.2618,-81.848
39037,Darke,40.1157,-84.4966
39085,Lake,41.6581,-81.4323
39099,Mahoning|Columbiana,40.9042,-80.9524
40117,Pawnee,36.1857,-96.4904
41039,Lane,44.0563,-123.1173
42007,Beaver,40.7355,-80.3091
45017,Calhoun,33.5579,-80.715
45079,Richland,34.0324,-80.9717
45091,York,34.952,-81.3436
48041,Brazos,30.5852,-96.296
48139,Ellis,32.314,-97.0053
48303,Lubbock,33.6901,-101.9893
51540,Charlottesville,38.0375,-78.4855
51075,Goochland,37.6973,-77.8944
51087,Henrico,37.6133,-77.4768
51830,Williamsburg,37.2692,-76.7076
53021,Franklin,46.5737,-119.0013
53045,Mason,47.3475,-123.0952
54037,Jefferson,39.3032,-77.981
55059,Kenosha,42.5707,-88.1044
56021,Laramie,41.1405,-104.7927
56029,Park,44.5212,-109.055
1015,Calhoun|Talladega,33.5966,-85.869
1121,Talladega,33.3891,-86.0361
2122,Kenai Peninsula,60.4997,-149.4464
4005,Coconino,36.592,-111.1071
5011,Bradley,33.4472,-92.1714
5045,Faulkner,35.2289,-92.3836
5143,Washington,36.1642,-94.2457
6045,Mendocino,39.4429,-123.3963
8125,Yuma,39.7029,-102.2938
9007,Middlesex,41.3823,-72.4386
10001,Kent,38.8699,-75.579
12073,Leon,30.4551,-84.2527
12119,Sumter,28.6335,-81.9986
12131,Walton,30.9746,-86.3099
13073,Columbia,33.4262,-82.3127
13153,Houston,32.6341,-83.6854
16083,Twin Falls,42.5313,-114.3012
17077,Jackson,37.9013,-89.3398
17091,Kankakee,41.145,-88.0539
17093,Kendall,41.6561,-88.4508
17099,LaSalle|Livingston,41.1242,-88.8295
17119,Madison,38.7631,-90.0816
17189,Washington,38.2214,-89.2127
17199,Williamson|Franklin,37.8611,-88.9993
18019,Clark,38.5395,-85.7655
18041,Fayette,39.6582,-85.141
18079,Jennings,38.9853,-85.6106
18095,Madison|Tipton,40.2743,-85.8371
19183,Washington,41.2139,-91.5367
19191,Winneshiek,43.1014,-92.0463
20103,Leavenworth,39.1084,-95.0829
21073,Franklin,38.1924,-84.8643
21117,Kenton,38.9949,-84.6017
21227,Warren,36.8421,-86.53
23019,Penobscot,44.7835,-68.7352
25011,Franklin,42.6063,-72.7434
27131,Rice|Dakota,44.4551,-93.1697
28011,Bolivar,34.09,-90.7206
28027,Coahoma,34.3222,-90.4542
28033,DeSoto,34.85,-89.9921
28089,Madison,32.5434,-90.3142
28111,Perry,31.2036,-89.0272
29183,St. Charles,38.8664,-90.2084
29510,St. Louis,38.6358,-90.2451
31001,Adams,40.4377,-98.4409
31111,Lincoln,40.7539,-100.7319
33001,Belknap|Merrimack,43.443,-71.5937
33013,Merrimack,43.2232,-71.7129
34001,Atlantic,39.564,-74.5961
36017,Chenango,42.624,-75.3353
36031,Essex,43.8345,-73.7647
36041,Hamilton,43.5944,-74.3822
36045,Jefferson,43.7351,-76.1344
36051,Livingston,42.5838,-77.7915
36113,Warren,43.5614,-73.6588
36115,Washington,43.4082,-73.2617
37071,Gaston,35.2652,-81.0805
37081,Guilford|Davidson|Randolph|Forsyth,35.9905,-79.9937
37093,Hoke,34.9358,-79.2999
37109,Lincoln,35.4193,-80.9999
37125,Moore,35.2533,-79.2845
37129,New Hanover,34.123,-77.8834
38059,Morton,46.7283,-101.5026
39005,Ashland,40.6584,-82.3144
39023,Clark,39.9295,-83.6139
39041,Delaware,40.2219,-82.8802
39077,Huron,41.0796,-82.4066
39109,Miami,40.1504,-84.2438
42001,Adams,39.9813,-77.2493
42011,Berks,40.3711,-75.6306
42069,Lackawanna,41.4846,-75.666
42133,York,40.1542,-76.7515
45061,Lee,34.2202,-80.2483
47021,Cheatham,36.2607,-87.0412
47147,Robertson,36.4239,-86.7976
47165,Sumner,36.3782,-86.4696
48285,Lavaca,29.4428,-96.9436
48309,McLennan,31.3818,-97.2127
48325,Medina,29.3532,-99.1621
48401,Rusk|Cherokee,31.8662,-94.9833
48479,Webb,27.6555,-99.6178
48485,Wichita,33.9072,-98.529
48491,Williamson,30.513,-97.7382
49003,Box Elder,41.6124,-112.125
49005,Cache,41.9116,-111.9356
51036,Charles City,37.3441,-77.0687
51760,Richmond,37.5295,-77.4756
53005,Benton,46.2826,-119.2937
54055,Mercer,37.3688,-81.0961
55009,Brown,44.317,-88.0972
55063,La Crosse,43.9075,-90.9165
55131,Washington,43.4204,-88.3443
56039,Teton,43.7737,-111.0312
1017,Chambers,32.7876,-85.3057
1097,Mobile,30.2525,-88.1438
1127,Walker,33.7503,-87.0483
4023,Santa Cruz,31.6645,-110.6426
4025,Yavapai,35.2171,-112.4913
5007,Benton,36.4291,-94.3713
5009,Boone,36.4128,-92.9068
5019,Clark,34.0005,-93.3376
5031,Craighead,35.9116,-90.8011
5035,Crittenden,35.2267,-90.3241
5053,Grant,34.2996,-92.4225
5055,Greene,36.2092,-90.5043
5063,Independence,35.7672,-91.5708
5111,Poinsett,35.4868,-90.3559
5113,Polk,34.581,-94.2374
5115,Pope,35.328,-93.2417
5129,Searcy,36.029,-92.8078
5131,Sebastian,35.3285,-94.2793
5133,Sevier,33.8335,-94.1177
5141,Van Buren|Faulkner,35.3671,-92.4106
8025,Crowley,38.2209,-103.7567
8049,Grand,40.0565,-106.3782
8087,Morgan,40.3134,-103.8023
9013,Tolland,41.7736,-72.3287
9015,Windham,41.9862,-71.9034
12053,Hernando,28.469,-82.5999
12061,Indian River,27.6378,-80.4855
12063,Jackson,30.7943,-85.226
12085,Martin,27.2161,-80.24
13021,Bibb,32.8065,-83.6974
13099,Early,31.2988,-84.717
13103,Effingham,32.3641,-81.3078
13127,Glynn,31.145,-81.474
13175,Laurens,32.3835,-82.9917
13225,Peach,32.5522,-83.8817
13247,Rockdale,33.6645,-83.9967
18119,Owen,39.2861,-86.7726
18157,Tippecanoe,40.5076,-86.8527
18177,Wayne,39.9447,-84.8308
19061,Dubuque,42.4477,-90.8448
19139,Muscatine|Cedar,41.5898,-91.0271
20021,Cherokee,37.0752,-94.6353
20107,Linn,38.179,-94.7053
20127,Morris,38.6623,-96.4917
20173,Sedgwick,37.5649,-97.3527
21047,Christian,36.8792,-87.6638
21059,Daviess,37.6831,-86.8698
21101,Henderson,37.7553,-87.5327
21199,Pulaski,37.011,-84.653
21209,Scott,38.2697,-84.6831
22007,Assumption,29.9886,-91.0555
22019,Calcasieu,30.2393,-93.0128
22045,Iberia,30.0049,-91.8202
22047,Iberville,30.161,-91.1495
22055,Lafayette,30.3126,-92.0387
22063,Livingston,30.4953,-90.7467
22075,Plaquemines,29.3443,-89.4683
22093,St. James,30.0917,-90.8844
22097,St. Landry,30.528,-92.0851
22119,Webster,32.525,-93.4118
22121,West Baton Rouge,30.4456,-91.2098
24009,Calvert,38.4728,-76.4895
24045,Wicomico,38.2672,-75.8938
25015,Hampshire,42.3757,-72.5188
26037,Clinton,42.9303,-84.798
26045,Eaton,42.6271,-85.0249
26049,Genesee,42.8453,-83.7086
26093,Livingston,42.4543,-83.9457
26111,Midland,43.6777,-84.3803
27099,Mower,43.5133,-92.5078
27139,Scott,44.7251,-93.4409
28051,Holmes,33.323,-90.2355
28067,Jones,31.7879,-89.0362
28123,Scott,32.4491,-89.4889
28147,Walthall,31.1173,-90.1444
28157,Wilkinson|Amite,31.087,-91.0654
28159,Winston,33.1224,-89.0553
28163,Yazoo,32.672,-90.5445
30007,Broadwater,46.4684,-111.6652
30029,Flathead,48.0858,-114.671
30057,Madison,45.3216,-112.1093
30085,Roosevelt,48.338,-104.4909
31127,Nemaha,40.4787,-95.7313
32007,Elko,40.7239,-115.479
34009,Cape May,38.9765,-74.9516
34037,Sussex,41.1874,-74.5015
35047,San Miguel,35.3037,-105.3913
36095,Schoharie,42.7068,-74.3473
36117,Wayne,43.2371,-77.0628
39061,Hamilton,39.1063,-84.3703
39113,Montgomery,39.8393,-84.4176
39139,Richland,40.68,-82.5793
40039,Custer,35.5384,-98.6872
40051,Grady,34.9227,-97.7763
40083,Logan,35.9324,-97.263
40087,McClain,35.2404,-97.5998
40147,Washington,36.9008,-95.9254
42071,Lancaster,40.2141,-76.1605
42075,Lebanon,40.3412,-76.4228
42129,Westmoreland,40.4145,-79.5729
45001,Abbeville,34.3766,-82.3467
45035,Dorchester,33.186,-80.5794
45081,Saluda,33.8573,-81.7313
47035,Cumberland,36.0586,-85.0305
47045,Dyer,36.0465,-89.3777
47125,Montgomery,36.5696,-87.3428
47179,Washington,36.2534,-82.5478
47189,Wilson,36.2349,-86.5733
48061,Cameron,26.0566,-97.4235
48103,Crane,31.3919,-102.3503
48123,DeWitt,28.9829,-97.505
48251,Johnson|Ellis,32.4311,-97.1021
48467,Van Zandt,32.554,-95.8639
53009,Clallam,48.1229,-123.0911
54061,Monongalia,39.6471,-79.9974
54093,Tucker,39.0814,-79.6455
55007,Bayfield,46.4354,-91.06
55015,Calumet,43.9491,-88.0942
55021,Columbia,43.3154,-89.5367
55035,Eau Claire,44.803,-91.4387
55089,Ozaukee,43.3847,-87.9439
55111,Sauk,43.4814,-89.7719
55127,Walworth|Jefferson,42.8372,-88.734
1043,Cullman,34.0452,-86.8837
1071,Jackson,34.6438,-86.0491
1075,Lamar,33.7589,-88.1144
1077,Lauderdale,34.9652,-87.3735
1129,Washington,31.2649,-88.0284
4027,Yuma,32.6452,-114.7067
6005,Amador,38.419,-120.8232
6025,Imperial,33.3548,-115.7306
8014,Broomfield,39.9541,-105.0527
8093,Park,38.7591,-105.5024
8113,San Miguel,38.1286,-108.2918
9011,New London,41.3502,-72.1023
12087,Monroe,25.2574,-80.3242
13045,Carroll|Douglas,33.7305,-84.917
13051,Chatham,32.1043,-81.2568
13085,Dawson,34.4362,-84.1252
13097,Douglas,33.7811,-84.6486
13149,Heard,33.3689,-85.1037
13171,Lamar,33.0508,-84.1527
13181,Lincoln,33.7931,-82.4776
13201,Miller,31.1017,-84.6848
13207,Monroe,33.0347,-83.938
13215,Muscogee,32.51,-84.8771
13219,Oconee|Clarke,33.9474,-83.5334
13227,Pickens,34.5279,-84.4939
13243,Randolph,31.6717,-84.8903
13255,Spalding,33.2418,-84.2747
13261,Sumter,32.0736,-84.2249
13273,Terrell,31.7199,-84.3477
13277,Tift,31.3389,-83.5949
13287,Turner,31.671,-83.6354
13321,Worth,31.5103,-83.7368
16011,Bingham,43.2235,-112.3755
16027,Canyon,43.7864,-116.9429
16055,Kootenai,47.6726,-116.7472
17001,Adams,39.8842,-91.1084
17021,Christian,39.5919,-89.4258
17113,McLean,40.4857,-89.0993
18003,Allen,41.1966,-84.9245
18053,Grant,40.6126,-85.5592
18145,Shelby,39.6738,-85.7052
18163,Vanderburgh,38.024,-87.512
18167,Vigo,39.4936,-87.2667
20155,Reno,38.1011,-97.992
20161,Riley,39.299,-96.8276
21035,Calloway,36.6145,-88.3206
22025,Catahoula,31.8492,-91.6599
22031,De Soto,32.0181,-93.7237
22079,Rapides,31.3414,-92.4096
22105,Tangipahoa,30.7646,-90.5114
24047,Worcester,38.1655,-75.3968
27025,Chisago,45.6875,-92.9654
27027,Clay,46.7105,-96.5579
27045,Fillmore,43.6137,-92.4263
28001,Adams,31.496,-91.4152
28037,Franklin,31.4721,-90.8929
28053,Humphreys,33.0952,-90.4967
28071,Lafayette,34.5034,-89.5025
28077,Lawrence,31.6048,-90.0023
28081,Lee,34.2649,-88.5768
28093,Marshall,34.6492,-89.3065
28113,Pike,31.0072,-90.4719
28121,Rankin,32.2778,-89.9896
28129,Smith,32.0144,-89.3818
28139,Tippah,34.638,-88.8431
29043,Christian,37.0459,-93.2953
29069,Dunklin,36.0404,-90.1158
29169,Pulaski,37.7562,-92.1274
29201,Scott,37.0938,-89.5547
31019,Buffalo,40.9276,-99.3901
31109,Lancaster,40.6818,-96.5039
32023,Nye,38.8655,-117.9238
33005,Cheshire,42.9494,-72.2997
34011,Cumberland,39.3265,-75.0306
35013,DoÃ±a Ana,32.167,-106.6885
35031,McKinley,35.0708,-108.8484
36021,Columbia,42.4134,-73.6778
36035,Fulton,43.1028,-74.2661
36037,Genesee,42.978,-77.9899
36063,Niagara,43.1451,-78.8777
36065,Oneida,43.0479,-75.2811
37031,Carteret,34.6973,-77.0572
37057,Davidson,35.8813,-80.0807
37069,Franklin,36.1011,-78.4522
37135,Orange,36.0806,-79.1718
37139,Pasquotank,36.2942,-76.236
37147,Pitt|Lenoir,35.3804,-77.4334
37159,Rowan,35.6821,-80.4275
37167,Stanly,35.2336,-80.4303
38069,Pierce,48.4975,-99.7038
38071,Ramsey,48.1131,-98.8753
39007,Ashtabula,41.5364,-80.8597
39029,Columbiana|Mahoning,40.8871,-80.6749
39101,Marion,40.4598,-83.0848
39159,Union,40.3534,-83.2628
39165,Warren,39.5022,-83.9984
40049,Garvin,34.8392,-97.6105
41023,Grant,44.4667,-119.5322
41061,Union,45.3358,-118.0492
42027,Centre,40.8266,-77.8226
42049,Erie,42.0469,-80.2765
42055,Franklin,39.7329,-77.7247
42105,Potter,41.7768,-78.1552
45003,Aiken|Saluda,33.8497,-81.6097
45015,Berkeley,32.9922,-80.0052
45027,Clarendon,33.6013,-80.3527
45031,Darlington,34.401,-80.071
45041,Florence,33.8149,-79.4444
45075,Orangeburg,33.5301,-80.5712
45077,Pickens|Anderson,34.819,-82.5828
45085,Sumter,33.9753,-80.5264
47001,Anderson|Roane,35.9638,-84.2938
47009,Blount,35.8328,-83.9357
47011,Bradley,35.1097,-84.9097
47043,Dickson,36.064,-87.3668
47059,Greene,36.175,-82.7454
47063,Hamblen|Jefferson,36.2047,-83.3005
47119,Maury|Williamson,35.7438,-86.9116
47167,Tipton,35.4128,-89.5412
48049,Brown,31.8249,-98.7895
48067,Cass,33.1378,-94.0591
48147,Fannin,33.4275,-96.3407
48219,Hockley,33.4133,-102.1552
48459,Upshur,32.586,-95.1127
50001,Addison,44.1664,-73.2555
50021,Rutland,43.5181,-73.236
51001,Accomack,37.9299,-75.662
51073,Gloucester,37.2766,-76.5043
51700,Newport News,37.1051,-76.5185
51710,Norfolk,36.8945,-76.259
51740,Portsmouth,36.8468,-76.354
53015,Cowlitz,46.1796,-122.9577
53055,San Juan,48.5324,-123.0655
53065,Stevens,48.2929,-117.7336
54035,Jackson,38.8201,-81.7091
54039,Kanawha,38.4062,-81.481
55017,Chippewa|Barron,45.1988,-91.5666
55031,Douglas,46.2409,-91.7995
55033,Dunn,44.8893,-91.9084
55045,Green|Rock,42.6168,-89.3756
55055,Jefferson,43.0165,-88.6999
55073,Marathon,44.9615,-89.6457
55105,Rock|Dane,42.8386,-89.0698
55109,St. Croix,44.9691,-92.4381
56005,Campbell,44.2752,-105.4984
56025,Natrona,43.4114,-106.2771
1093,Marion,33.9443,-87.8704
4001,Apache,36.9221,-109.0753
4003,Cochise,31.6858,-109.6896
6007,Butte,39.4261,-121.3542
6017,El Dorado,38.675,-121.049
6093,Siskiyou,41.6086,-122.8409
6115,Yuba,39.3204,-121.4038
8015,Chaffee,38.5524,-106.0085
8039,Elbert,39.2189,-104.5403
8053,Hinsdale,38.0836,-107.0306
8085,Montrose,38.6084,-107.9827
12005,Bay,30.2549,-85.9511
12055,Highlands,27.5908,-81.5081
12083,Marion,29.4494,-82.2211
12107,Putnam,29.6502,-81.5998
12111,St. Lucie,27.4096,-80.3538
13009,Baldwin,33.0523,-83.244
13187,Lumpkin,34.5302,-83.9796
17037,DeKalb,41.7683,-88.7659
18035,Delaware,40.3138,-85.5009
18039,Elkhart,41.5336,-86.0138
18059,Hancock,39.8857,-85.6086
18061,Harrison,38.124,-85.9736
18103,Miami,40.602,-85.9275
18175,Washington,38.5549,-86.2778
19065,Fayette,42.8636,-91.8864
19087,Henry,40.9232,-91.401
19113,Linn,42.1494,-91.6209
19169,Story,42.1073,-93.6462
21005,Anderson,38.0331,-84.9031
21151,Madison,37.5904,-84.2898
21215,Spencer,38.117,-85.3722
22009,Avoyelles,30.954,-92.1884
22011,Beauregard,30.5289,-93.4391
22013,Bienville,32.3261,-93.2837
22027,Claiborne,32.793,-93.0582
22039,Evangeline,30.5696,-92.3169
22073,Ouachita,32.4883,-92.1619
22101,St. Mary,29.8113,-91.6705
23023,Sagadahoc,43.9346,-69.8346
24011,Caroline,38.917,-75.9419
24039,Somerset,38.0831,-75.8521
24043,Washington,39.3767,-77.7341
25019,Nantucket,41.2636,-69.9718
26005,Allegan,42.4575,-85.6979
26015,Barry,42.4951,-85.4117
26021,Berrien,41.774,-86.7887
26025,Calhoun,42.0967,-84.9899
26035,Clare,44.0168,-84.808
26145,Saginaw,43.4091,-84.3345
26157,Tuscola,43.4527,-83.6894
26165,Wexford,44.5033,-85.672
27039,Dodge,44.1529,-92.8995
27063,Jackson,43.6288,-94.9886
27137,St. Louis,47.5312,-92.2399
27147,Steele|Dodge,43.8683,-93.0552
27157,Wabasha,44.3707,-92.042
28007,Attala,33.122,-89.465
28025,Clay,33.6064,-88.6571
28039,George,30.9312,-88.5959
28043,Grenada,33.7816,-89.813
28057,Itawamba,34.2327,-88.2507
28079,Leake,32.6749,-89.4529
28085,Lincoln,31.5803,-90.4432
28087,Lowndes,33.6276,-88.4454
28107,Panola,34.2409,-89.9433
28127,Simpson,31.873,-89.734
28143,Tunica,34.7032,-90.3796
28145,Union,34.4909,-89.0201
28151,Washington,33.385,-91.0514
29013,Bates,38.071,-94.08
29097,Jasper,37.0711,-94.4573
29101,Johnson,38.5833,-93.6952
30013,Cascade,47.3533,-111.1698
30081,Ravalli,46.511,-114.0787
33017,Strafford,43.2534,-70.8856
35025,Lea,32.4465,-103.2009
36101,Steuben,42.1634,-77.0925
37021,Buncombe,35.6142,-82.3275
37035,Catawba,35.5853,-81.2201
39025,Clermont,39.2123,-84.3001
39039,Defiance,41.2944,-84.7648
39043,Erie|Huron,41.2883,-82.5995
39089,Licking,39.95,-82.5985
41033,Josephine,42.2797,-123.6151
42019,Butler,40.9104,-79.9157
42093,Montour,40.9615,-76.612
45033,Dillon,34.3406,-79.1663
45037,Edgefield,33.7401,-81.8404
45047,Greenwood,34.1696,-82.024
45053,Jasper,32.4681,-80.9178
45069,Marlboro,34.6438,-79.5867
45071,Newberry,34.2681,-81.4196
47017,Carroll,36.0052,-88.4181
47029,Cocke,35.9617,-83.1977
47047,Fayette,35.0512,-89.6091
47123,Monroe,35.6029,-84.4717
47141,Putnam,36.1484,-85.5114
47145,Roane|Anderson|Morgan,36.0398,-84.3284
47151,Scott,36.3536,-84.5839
48021,Bastrop,30.2819,-97.2448
48069,Castro,34.5324,-102.3111
48117,Deaf Smith,34.8232,-102.4001
48329,Midland,32.0249,-102.1137
48359,Oldham,35.2456,-102.4262
48375,Potter|Randall,35.1989,-101.831
50011,Franklin,44.9083,-72.8029
50025,Windham,43.1219,-72.4555
51003,Albemarle,38.1266,-78.4386
51023,Botetourt,37.3783,-79.8206
51067,Franklin,37.1233,-79.6971
51093,Isle of Wight,37.0836,-76.6747
51117,Mecklenburg,36.5762,-78.1107
51800,Suffolk,36.6953,-76.6398
54051,Marshall,40.0139,-80.7328
54079,Putnam,38.473,-81.8124
56007,Carbon,41.8995,-106.2017
12007,Bradford,29.9474,-82.1129
12023,Columbia,30.1855,-82.6026
12027,DeSoto,27.2214,-81.8587
12035,Flagler,29.4198,-81.3235
13013,Barrow,33.9917,-83.7218
13035,Butts,33.2524,-83.903
13055,Chattooga,34.4835,-85.4776
13065,Clinch,30.6881,-82.5721
13069,Coffee,31.6248,-82.8877
13267,Tattnall,32.2806,-82.1387
13289,Twiggs|Wilkinson,32.606,-83.246
16085,Valley,44.5086,-116.0425
17019,Champaign,40.3031,-88.1549
17085,Jo Daviess,42.4302,-90.1642
17105,Livingston,40.6537,-88.3999
17161,Rock Island|Henry,41.4416,-90.4464
17177,Stephenson,42.4929,-89.7949
18105,Monroe,39.1637,-86.5257
18109,Morgan,39.5337,-86.3778
18133,Putnam,39.5211,-86.7995
18137,Ripley,39.2373,-85.0931
18143,Scott,38.6854,-85.7831
18159,Tipton,40.3795,-86.0868
19033,Cerro Gordo,42.9442,-93.3871
19109,Kossuth,43.0749,-94.0892
19157,Poweshiek,41.5833,-92.5274
19163,Scott,41.6915,-90.6746
19167,Sioux,42.9749,-96.3216
19171,Tama,41.9648,-92.5746
19193,Woodbury,42.3975,-96.3516
20085,Jackson,39.2395,-95.9651
20123,Mitchell,39.5096,-98.4331
21003,Allen,36.7493,-86.1966
21025,Breathitt,37.5589,-83.3782
21093,Hardin,37.813,-85.9827
21113,Jessamine,37.8299,-84.7096
21185,Oldham,38.3719,-85.604
22001,Acadia,30.4037,-92.2145
24015,Cecil,39.7003,-76.0586
24037,St. Mary's,38.1155,-76.4771
26047,Emmet,45.3834,-84.9304
26051,Gladwin,43.8811,-84.4887
26055,Grand Traverse,44.6611,-85.6881
26143,Roscommon,44.3124,-84.7625
27079,Le Sueur,44.2236,-93.5747
28017,Chickasaw,34.0053,-88.7479
28097,Montgomery,33.4404,-89.5673
28105,Oktibbeha,33.3451,-89.0458
28115,Pontotoc|Union,34.3611,-88.8388
28133,Sunflower,33.8101,-90.5304
28137,Tate,34.6902,-89.9757
28155,Webster|Choctaw,33.539,-89.1278
31047,Dawson,40.7065,-100.2155
33019,Sullivan,43.379,-72.3368
34033,Salem,39.6503,-75.3251
35045,San Juan,36.2834,-108.7082
36023,Cortland,42.6004,-76.1784
36053,Madison,42.7401,-75.5436
36089,St. Lawrence,44.7481,-74.997
37039,Cherokee,35.1771,-83.9265
37051,Cumberland,35.2133,-78.677
37059,Davie,35.9468,-80.4045
37077,Granville,36.4475,-78.5689
37089,Henderson,35.4481,-82.4294
37105,Lee,35.4874,-79.1772
37127,Nash,36.0114,-77.8572
37155,Robeson,34.4751,-79.037
37165,Scotland,34.7691,-79.445
37179,Union,35.0699,-80.6453
39019,Carroll,40.555,-81.1992
39027,Clinton,39.5523,-83.7856
39053,Gallia,38.9776,-82.3374
39057,Greene,39.731,-84.0624
39063,Hancock,40.8995,-83.7271
39133,Portage,41.3118,-81.345
39173,Wood,41.2846,-83.8438
40101,Muskogee,35.5559,-95.6525
40103,Noble,36.2747,-97.4551
42037,Columbia,41.0026,-76.4561
42043,Dauphin,40.2657,-76.7126
42051,Fayette,40.0188,-79.891
42085,Mercer,41.3502,-80.0837
42107,Schuylkill,40.6302,-76.3912
45029,Colleton,32.7718,-80.477
46013,Brown,45.2442,-98.0992
47023,Chester,35.4445,-88.6531
47051,Franklin,35.1975,-85.9213
47053,Gibson,35.9689,-88.9449
47083,Houston,36.3194,-87.7631
47105,Loudon,35.6488,-84.1724
47115,Marion,35.1848,-85.4848
47107,McMinn,35.517,-84.5498
47135,Perry,35.7507,-87.7958
51009,Amherst,37.4487,-79.1057
51019,Bedford,37.3866,-79.7253
51047,Culpeper,38.4705,-78.0001
51065,Fluvanna,37.8652,-78.2627
51105,Lee,36.7764,-82.9433
51109,Louisa,38.0212,-77.9985
51165,Rockingham,38.4465,-78.9228
53075,Whitman,47.0887,-117.0464
1059,Franklin,34.5056,-87.7282
1069,Houston,31.1858,-85.2359
1123,Tallapoosa,33.0567,-85.9312
2110,Juneau,58.4546,-134.1739
2170,Matanuska-Susitna,61.3463,-150.0787
8067,La Plata,37.0749,-107.5933
8075,Logan,40.6818,-102.8395
8119,Teller,38.945,-105.1619
13033,Burke,33.0909,-82.0146
13047,Catoosa|Walker,34.9318,-85.246
13145,Harris,32.7647,-84.8752
13179,Liberty,31.7715,-81.6216
13195,Madison,34.1727,-83.293
13211,Morgan,33.7378,-83.5149
13229,Pierce,31.4088,-82.1132
13303,Washington,32.9827,-82.8089
17133,Monroe,38.3402,-90.1538
18037,Dubois,38.3934,-86.9404
19081,Hancock,43.1864,-93.6076
19179,Wapello,40.9176,-92.2177
20011,Bourbon,37.8365,-94.882
20111,Lyon,38.4028,-96.1924
21141,Logan,36.8394,-86.895
22003,Allen,30.867,-92.7986
22043,Grant,31.43,-92.4829
22061,Lincoln,32.5329,-92.6361
22069,Natchitoches,31.6547,-93.1999
22083,Richland,32.4902,-91.8651
22099,St. Martin,30.3368,-91.8476
23013,Knox,44.1274,-69.1369
24023,Garrett,39.2924,-79.3525
24035,Queen Anne's,38.9853,-76.1677
26033,Chippewa,45.9891,-83.9146
26077,Kalamazoo,42.3027,-85.5447
26121,Muskegon,43.1621,-86.2519
26123,Newaygo,43.3348,-85.8094
27011,Big Stone,45.5723,-96.294
27021,Cass,47.0568,-93.9126
27073,Lac qui Parle,45.0127,-96.1889
27141,Sherburne,45.4416,-93.5981
28073,Lamar,31.3114,-89.374
28091,Marion,31.2386,-89.8829
28135,Tallahatchie,34.0075,-90.0552
29001,Adair,40.1484,-92.3787
29027,Callaway,38.6452,-92.1151
29029,Camden|Laclede,37.8136,-92.5143
29047,Clay,39.1545,-94.5452
29049,Clinton,39.5644,-94.4615
29107,Lafayette,38.9877,-93.5683
29135,Moniteau,38.6611,-92.6661
29157,Perry,37.7836,-89.918
29187,St. Francois,37.8618,-90.5892
29213,Taney,36.6058,-93.2338
31119,Madison,42.0328,-97.4209
31177,Washington,41.4747,-96.2037
32005,Douglas,38.9609,-119.7688
35005,Chaves,33.1146,-104.3285
36011,Cayuga,42.7511,-76.6994
36075,Oswego,43.3194,-76.5778
36077,Otsego,42.7978,-74.7506
37001,Alamance|Orange,36.0876,-79.2756
37181,Vance,36.3259,-78.4155
38099,Walsh,48.2924,-97.373
39083,Knox,40.4784,-82.5485
39091,Logan,40.516,-83.8875
39097,Madison,39.733,-83.4765
39143,Sandusky,41.4216,-83.221
39167,Washington,39.4739,-81.468
40123,Pontotoc,34.8659,-96.6678
41027,Hood River,45.6354,-121.5522
42021,Cambria,40.6048,-78.7072
45023,Chester,34.5753,-80.9048
45043,Georgetown,33.5567,-79.0591
45073,Oconee,34.7704,-83.0615
46029,Codington,44.9987,-96.9742
46065,Hughes,44.5159,-99.9885
46085,Lyman,43.9071,-100.0583
46103,Pennington,44.0674,-103.1225
48343,Morris,33.0306,-94.725
49021,Iron,37.7663,-113.0431
51590,Danville,36.5831,-79.4088
51163,Rockbridge,37.9901,-79.5067
53001,Adams,46.7735,-118.8277
53017,Douglas,47.648,-120.0707
55027,Dodge,43.5271,-88.5615
1001,Autauga,32.6793,-86.4607
1103,Morgan,34.4676,-86.7936
5027,Columbia,33.3528,-93.295
5029,Conway,35.1003,-92.7733
5033,Crawford,35.6361,-94.1679
5037,Cross,35.402,-90.7545
5059,Hot Spring,34.2602,-92.961
5075,Lawrence,36.0852,-90.9462
5109,Pike,34.0299,-93.5057
5137,Stone,35.962,-92.2301
5139,Union,33.1079,-92.3598
5145,White,35.277,-91.6411
5147,Woodruff,35.0058,-91.2521
6009,Calaveras,38.1939,-120.379
6047,Merced,37.4306,-120.7759
6051,Mono,38.5834,-119.516
8029,Delta,38.7053,-107.61
8043,Fremont,38.362,-105.1417
8055,Huerfano,37.6307,-104.7818
13007,Baker,31.3172,-84.3376
13017,Ben Hill|Irwin,31.7135,-83.2515
13029,Bryan,31.9012,-81.3126
13039,Camden,30.7985,-81.5628
13071,Colquitt,31.0683,-83.6236
13081,Crisp,31.9563,-83.7695
13111,Fannin,34.8749,-84.2442
13133,Greene,33.6177,-83.0756
13155,Irwin,31.5987,-83.2499
13159,Jasper,33.4007,-83.5884
13193,Macon,32.2997,-84.0246
13199,Meriwether,32.887,-84.6781
13205,Mitchell,31.3804,-84.1592
13235,Pulaski,32.2964,-83.4814
13253,Seminole,31.0404,-84.8792
13257,Stephens,34.5027,-83.1967
16005,Bannock,42.6504,-112.1901
16031,Cassia,42.4097,-113.5805
17063,Grundy,41.2763,-88.2805
18013,Brown,39.3085,-86.1227
18029,Dearborn,39.0676,-84.9053
18031,Decatur|Shelby,39.4279,-85.6286
18051,Gibson,38.2786,-87.377
18071,Jackson,38.8247,-86.1716
18093,Lawrence,38.9172,-86.5557
18107,Montgomery,40.0428,-86.8975
18115,Ohio,38.9531,-84.8546
18127,Porter,41.685,-86.9804
18149,Starke,41.1989,-86.8922
18153,Sullivan,39.0973,-87.4074
18173,Warrick,38.0469,-87.2847
19019,Buchanan,42.6201,-91.7295
19031,Cedar,41.7399,-90.9738
19099,Jasper,41.7008,-93.0794
19181,Warren,41.3709,-93.3862
20043,Doniphan,39.7518,-94.8889
20149,Pottawatomie,39.2499,-96.3145
20207,Woodson,37.8682,-95.7533
21159,Martin,37.8415,-82.4224
21145,McCracken,37.0405,-88.5734
21165,Menifee,37.9542,-83.6226
21177,Muhlenberg|Logan,37.0753,-86.9951
21213,Simpson,36.7163,-86.5587
22115,Vernon,30.9344,-92.9268
23027,Waldo,44.428,-69.0325
26059,Hillsdale,41.7242,-84.4189
26073,Isabella,43.6998,-84.7657
26079,Kalkaska,44.8366,-85.2871
26087,Lapeer,42.9208,-83.0435
26101,Manistee,44.2449,-86.2927
28019,Choctaw,33.2931,-89.3993
28101,Newton|Neshoba,32.5711,-89.1152
28103,Noxubee,33.2367,-88.5781
29031,Cape Girardeau,37.2368,-89.7978
29071,Franklin,38.3361,-90.9711
29099,Jefferson,38.3655,-90.3645
29155,Pemiscot,36.3318,-89.8242
30043,Jefferson,45.8709,-112.0975
31155,Saunders,41.2665,-96.7209
35006,Cibola,35.0659,-107.5676
35009,Curry,34.8217,-103.3157
36015,Chemung,42.0127,-76.7298
36073,Orleans,43.3213,-78.3891
37123,Montgomery,35.2162,-80.0046
37151,Randolph,35.8556,-79.5682
37175,Transylvania,35.1458,-82.8201
38025,Dunn,47.3527,-102.6233
39021,Champaign,40.127,-83.9644
39033,Crawford,40.7924,-82.8568
39045,Fairfield,39.6049,-82.8235
39071,Highland,39.2123,-83.6113
40097,Mayes,36.477,-95.0195
40145,Wagoner,35.9641,-95.3791
41007,Clatsop,46.1303,-123.3715
42005,Armstrong,40.5938,-79.5564
42015,Bradford,41.6704,-76.2623
42025,Carbon,40.916,-75.9657
42033,Clearfield,40.8745,-78.7274
42067,Juniata,40.5686,-77.4047
42111,Somerset,40.2027,-78.9293
45025,Chesterfield,34.7697,-80.2264
46011,Brookings,44.2834,-96.6854
47025,Claiborne,36.5752,-83.6462
47041,DeKalb,36.0045,-85.9779
47061,Grundy,35.4589,-85.6689
47071,Hardin,35.2048,-88.1939
47103,Lincoln|Marshall,35.3173,-86.6407
47113,Madison,35.4556,-88.8636
47133,Overton,36.3875,-85.3265
48071,Chambers,29.7269,-94.8549
48091,Comal|Guadalupe,29.6997,-98.1148
48145,Falls|McLennan,31.3711,-97.0763
48181,Grayson,33.6233,-96.7286
48215,Hidalgo,26.2585,-98.5787
48245,Jefferson,30.0522,-94.3332
48355,Nueces,27.8094,-97.8455
48367,Parker,32.7508,-97.6999
48469,Victoria,28.8285,-96.985
50005,Caledonia,44.6431,-71.9791
50019,Orleans,44.9509,-72.3043
51550,Chesapeake,36.6778,-76.3024
51083,Halifax,36.839,-78.7284
54003,Berkeley,39.3538,-78.0552
54033,Harrison,39.2044,-80.4034
54077,Preston,39.3254,-79.5546
54107,Wood,39.4,-81.4527
56037,Sweetwater,41.6698,-109.2714
1009,Blount,33.8789,-86.8241
1013,Butler,31.5429,-86.7246
1019,Cherokee,34.1839,-85.775
1021,Chilton,32.917,-86.7203
1027,Clay,33.3129,-85.7508
1029,Cleburne,33.7297,-85.4312
1033,Colbert,34.7559,-87.7007
1047,Dallas,32.4166,-87.0336
1055,Etowah|Calhoun,33.9446,-85.9319
1079,Lawrence,34.6718,-87.4063
1095,Marshall,34.5189,-86.2492
1107,Pickens,33.322,-87.904
1109,Pike,31.8021,-85.9665
1113,Russell,32.2401,-85.4147
1131,Wilcox,32.0701,-87.2914
5043,Drew,33.6264,-91.9294
6027,Inyo,37.4189,-118.5424
6101,Sutter,39.2788,-121.6624
8089,Otero,38.0014,-103.5549
12039,Gadsden,30.4992,-84.4582
13087,Decatur,30.8756,-84.4312
13091,Dodge,32.1973,-83.1712
13157,Jackson,34.0933,-83.7617
13169,Jones,33.002,-83.5374
13183,Long,31.7096,-81.7457
13269,Taylor,32.5982,-84.3786
13275,Thomas,30.8394,-83.9783
13299,Ware,31.2406,-82.3411
13311,White,34.6437,-83.7411
13317,Wilkes,33.8674,-82.742
16043,Fremont,43.8872,-111.6724
16049,Idaho,46.0509,-116.3498
16051,Jefferson,43.9219,-112.2027
16069,Nez Perce,46.3934,-116.9934
16075,Payette,43.9705,-116.8187
17041,Douglas,39.8644,-88.16
17123,Marshall,41.0486,-89.0522
17137,Morgan,39.5925,-89.9528
18033,DeKalb,41.3147,-84.9012
18073,Jasper,40.9059,-87.1612
18139,Rush,39.4981,-85.4676
19011,Benton,41.9054,-92.1804
20037,Crawford,37.543,-94.7024
20133,Neosho,37.5186,-95.1742
20177,Shawnee,38.8911,-95.6999
21085,Grayson,37.4937,-86.2259
21125,Laurel,37.1209,-84.0804
21147,McCreary,36.6648,-84.4395
21231,Wayne,36.8404,-84.8506
22049,Jackson,32.2719,-92.7303
22053,Jefferson Davis,30.2355,-92.7481
22067,Morehouse,32.7749,-91.9058
22111,Union|Claiborne,33.0073,-92.7224
22127,Winn,31.924,-92.6425
24029,Kent,39.3425,-75.8787
25007,Dukes,41.4565,-70.6069
26069,Iosco,44.2337,-83.8033
26091,Lenawee,41.7859,-84.0403
26103,Marquette,46.2912,-87.4372
26151,Sanilac,43.1864,-82.8617
26159,Van Buren,42.3833,-85.959
27049,Goodhue|Rice,44.4088,-93.0303
27169,Winona,43.9837,-91.868
28013,Calhoun,33.9909,-89.3454
28117,Prentiss,34.708,-88.662
29053,Cooper,38.9341,-92.7025
29119,McDonald,36.5746,-94.3912
29139,Montgomery,38.9125,-91.5323
29145,Newton,37.0355,-94.5379
29165,Platte,39.1924,-94.622
29173,Ralls,39.5844,-91.3987
29175,Randolph,39.5114,-92.4411
29205,Shelby,39.7432,-92.2602
30041,Hill,48.5437,-109.8068
31053,Dodge,41.416,-96.5021
32019,Lyon,39.2639,-119.6356
35015,Eddy,32.1767,-104.3739
35039,Rio Arriba,36.1769,-106.4245
36013,Chautauqua,42.0747,-79.485
36033,Franklin,44.2326,-74.4621
37015,Bertie,36.2015,-76.7663
37023,Burke,35.7181,-81.4211
37027,Caldwell,35.9436,-81.458
37045,Cleveland,35.5127,-81.6168
37061,Duplin,34.8271,-77.9247
37091,Hertford,36.3567,-76.9105
37107,Lenoir,35.2236,-77.6333
37111,McDowell,35.6775,-82.0014
37131,Northampton,36.4965,-77.6448
38031,Foster,47.4551,-98.5664
38089,Stark,46.8841,-102.3332
39047,Fayette,39.6079,-83.3953
39087,Lawrence,38.4375,-82.3818
39107,Mercer,40.6915,-84.6502
39129,Pickaway,39.5705,-82.9471
39147,Seneca,41.2355,-82.8592
39169,Wayne|Medina,40.9764,-81.9
40001,Adair,35.9845,-94.6036
40013,Bryan,33.9899,-96.2304
40019,Carter,34.4779,-97.4661
40037,Creek,36.0821,-96.5819
40041,Delaware|Mayes,36.3013,-94.9979
40113,Osage,36.5698,-96.708
40125,Pottawatomie,35.3525,-96.9647
40137,Stephens,34.616,-97.8207
41041,Lincoln,44.6231,-124.0524
42059,Greene,39.9111,-80.432
42073,Lawrence,41.0955,-80.4953
42081,Lycoming,41.2472,-76.9184
42123,Warren,41.701,-79.0298
44003,Kent,41.6988,-71.7339
44005,Newport,41.4803,-71.3205
44007,Providence,41.89,-71.3934
44009,Washington,41.5151,-71.72
45067,Marion,34.2823,-79.4723
45087,Union,34.7922,-81.4614
45089,Williamsburg,33.6665,-79.8293
46083,Lincoln,43.3479,-96.8939
46093,Meade,44.411,-103.4976
47003,Bedford,35.4523,-86.2582
47073,Hawkins,36.4745,-82.8593
47101,Lewis,35.5514,-87.554
47185,White,35.9347,-85.4726
48013,Atascosa,28.9643,-98.4957
48015,Austin,29.7965,-96.1051
48031,Blanco,30.4298,-98.3609
48053,Burnet,30.5677,-98.2751
48099,Coryell,31.4187,-97.5114
48133,Eastland,32.2136,-98.6721
48143,Erath,32.0875,-98.3391
48149,Fayette,30.064,-96.6958
48165,Gaines,32.9419,-102.5657
48185,Grimes|Brazos,30.3874,-96.0895
48187,Guadalupe,29.4892,-98.1094
48189,Hale,34.2791,-101.8968
48199,Hardin,30.1933,-94.193
48223,Hopkins,33.3222,-95.5606
48231,Hunt,32.9324,-96.2471
48257,Kaufman,32.7315,-96.159
48259,Kendall,29.7844,-98.7289
48277,Lamar,33.6689,-95.5462
48291,Liberty,30.047,-94.7908
48293,Limestone,31.307,-96.6293
48299,Llano,30.7807,-98.4393
48323,Maverick,28.947,-100.6237
48331,Milam,30.874,-97.1289
48361,Orange,30.1291,-93.9967
48395,Robertson,30.877,-96.5956
48409,San Patricio,28.0969,-97.865
48445,Terry,33.3377,-102.2059
48451,Tom Green,31.4426,-100.4501
48471,Walker,30.705,-95.5545
48481,Wharton,29.1119,-96.4123
48493,Wilson,29.2358,-97.9636
50015,Lamoille,44.6366,-72.6786
51069,Frederick,39.0902,-78.223
51630,Fredericksburg,38.2992,-77.4872
51113,Madison,38.3792,-78.2586
51683,Manassas,38.7479,-77.4838
51115,Mathews,37.4984,-76.2883
51125,Nelson|Augusta,37.9161,-78.9382
51135,Nottoway,37.1812,-78.1307
51137,Orange|Louisa,38.136,-78.1879
51161,Roanoke,37.2746,-79.8888
51171,Shenandoah,38.7394,-78.6513
53019,Ferry,48.7311,-118.6663
53047,Okanogan,48.0536,-119.8994
54045,Logan,37.688,-81.8737
54049,Marion,39.5119,-80.2514
54069,Ohio,40.0483,-80.6229
54081,Raleigh,37.6095,-81.305
55043,Grant,42.9793,-90.6491
55049,Iowa,42.8419,-90.3961
55057,Juneau,43.6531,-90.2239
55081,Monroe,43.8132,-90.5268
56001,Albany,41.3099,-105.6085
1011,Bullock,32.0764,-85.5244
1023,Choctaw|Washington,31.7131,-88.2917
1037,Coosa,32.9791,-86.0358
1041,Crenshaw,31.8495,-86.2057
1049,DeKalb,34.4939,-85.8435
1085,Lowndes,32.1801,-86.6888
1091,Marengo,32.498,-87.8298
4012,La Paz,33.9921,-114.4046
4015,Mohave,35.4227,-113.6486
5017,Chicot,33.3299,-91.2847
5061,Howard,33.8183,-93.8969
5085,Lonoke,35.0129,-91.9571
5121,Randolph,36.3609,-90.759
8063,Kit Carson,39.3038,-102.4234
8105,Rio Grande,37.6877,-106.586
8121,Washington,40.1644,-103.2206
12133,Washington,30.6332,-85.5874
13037,Calhoun,31.4847,-84.5133
13119,Franklin,34.4953,-83.0975
13143,Haralson,33.7335,-85.2859
13189,McDuffie,33.4666,-82.4992
13279,Toombs,32.1713,-82.3298
16037,Custer,43.912,-113.6128
17055,Franklin,37.9721,-89.1111
17179,Tazewell,40.534,-89.3556
18045,Fountain,40.1089,-87.1577
18099,Marshall,41.2159,-86.4236
18117,Orange,38.5462,-86.6202
18129,Posey,38.2042,-87.9151
18171,Warren,40.1973,-87.527
19007,Appanoose,40.8017,-92.8871
19043,Clayton,42.9269,-91.3879
19057,Des Moines,40.86,-91.3146
19123,Mahaska,41.2855,-92.5371
19133,Monona,42.0208,-95.966
19145,Page,40.6561,-95.2349
20087,Jefferson,39.4159,-95.3304
20191,Sumner,37.3899,-97.643
21015,Boone,39.1067,-84.7277
21107,Hopkins,37.186,-87.4556
21161,Mason,38.7563,-83.8845
21167,Mercer,37.921,-84.8615
21225,Union,37.5466,-87.9878
21233,Webster,37.5579,-87.4371
22037,East Feliciana,30.9682,-91.1125
22059,La Salle Parish,31.6788,-92.1493
22065,Madison,32.4067,-91.1915
22077,Pointe Coupee,30.6824,-91.4248
22113,Vermilion,29.975,-92.1266
23007,Franklin,44.4916,-70.1923
26053,Gogebic,46.4767,-89.9336
26067,Ionia,42.7824,-85.1374
26107,Mecosta,43.7505,-85.1436
26113,Missaukee,44.3325,-85.2969
26127,Oceana,43.5595,-86.3477
26129,Ogemaw,44.4297,-84.0225
26155,Shiawassee,43.1168,-83.9693
27067,Kandiyohi,45.4054,-94.8397
27143,Sibley,44.6728,-94.232
27167,Wilkin,46.2769,-96.3122
28009,Benton,34.8239,-89.2385
28075,Lauderdale,32.5104,-88.5264
28119,Quitman,34.2006,-90.2845
28161,Yalobusha,33.9765,-89.6845
29015,Benton,38.2474,-93.371
29017,Bollinger,37.3171,-90.0282
29035,Carter,37.0082,-91.0113
29207,Stoddard,37.0237,-89.8196
30053,Lincoln,48.7723,-114.9008
30059,Meagher,46.5452,-110.9039
30101,Toole,48.8777,-111.9062
31079,Hall,41.0046,-98.6007
31099,Kearney,40.4981,-98.9671
37013,Beaufort,35.303,-76.7889
38049,McHenry,48.4977,-100.6098
38051,McIntosh,46.2554,-99.5546
39009,Athens,39.4016,-81.9549
39081,Jefferson,40.2701,-80.6318
39119,Muskingum,40.1376,-82.0119
39175,Wyandot,40.9517,-83.1709
40031,Comanche,34.6197,-98.7522
40035,Craig,36.8739,-95.0947
40081,Lincoln,35.895,-96.8702
40111,Okmulgee,35.7769,-96.0279
40115,Ottawa,36.9316,-94.8706
40135,Sequoyah,35.4578,-94.4984
41057,Tillamook,45.1208,-123.9766
41065,Wasco,45.685,-121.3952
42013,Blair,40.5082,-78.4007
42039,Crawford,41.562,-80.2261
42063,Indiana,40.8197,-78.8297
42115,Susquehanna,41.9506,-75.6095
47005,Benton,36.2325,-88.0854
47015,Cannon,35.8247,-86.0724
47111,Macon,36.5301,-85.8481
47121,Meigs,35.5292,-84.7933
47171,Unicoi,36.1222,-82.4202
48005,Angelina,31.2345,-94.7665
48057,Calhoun,28.4463,-96.4205
48239,Jackson,28.8325,-96.5388
48255,Karnes,28.8858,-97.7134
48317,Martin,32.1315,-101.7928
48347,Nacogdoches,31.8126,-94.8411
48397,Rockwall,32.917,-96.4377
48465,Val Verde,29.3708,-100.88
49029,Morgan,41.0415,-111.6801
51007,Amelia,37.3366,-77.9882
51061,Fauquier,38.654,-77.637
51079,Greene,38.2991,-78.4367
51650,Hampton,37.0551,-76.3629
51099,King George,38.3282,-77.2423
51680,Lynchburg,37.4003,-79.1909
51131,Northampton,37.257,-76.0093
51143,Pittsylvania,37.0954,-79.3029
51735,Poquoson,37.1318,-76.3569
51149,Prince George,37.2357,-77.3325
51750,Radford,37.1229,-80.5587
51175,Southampton,36.5778,-77.1989
51187,Warren,38.9231,-78.1033
51191,Washington,36.6326,-81.7891
54053,Mason,39.0183,-82.0314
54097,Upshur,38.9927,-80.2282
55019,Clark,44.5605,-90.5905
55097,Portage,44.2607,-89.4087
55125,Vilas,45.991,-89.5332
56017,Hot Springs,43.7819,-108.5679
56019,Johnson,43.71,-106.6371
1039,Covington,31.3006,-86.3975
1053,Escambia,31.0127,-87.2541
1063,Greene,32.9938,-87.9071
1111,Randolph,33.4198,-85.4903
1133,Winston,34.1496,-87.4027
5005,Baxter,36.2721,-92.2824
6011,Colusa,39.0742,-121.8988
6031,Kings,36.303,-119.637
8003,Alamosa,37.4767,-105.8396
8023,Costilla,37.2086,-105.5667
8073,Lincoln,39.1361,-103.4735
12075,Levy,29.4479,-82.468
12121,Suwannee,30.2956,-82.9847
13053,Chattahoochee,32.347,-84.787
13137,Habersham,34.5648,-83.5424
13147,Hart|Franklin,34.2859,-83.1097
13293,Upson,32.9369,-84.3405
16045,Gem,43.8685,-116.489
17011,Bureau,41.3573,-89.7372
17073,Henry,41.3515,-90.3767
17075,Iroquois,40.5162,-88.0759
18015,Carroll,40.5452,-86.5242
18023,Clinton,40.1944,-86.6671
18049,Fulton,41.0192,-86.4125
18065,Henry,39.9973,-85.2512
18069,Huntington,40.741,-85.5618
18085,Kosciusko,41.0743,-85.8923
18087,LaGrange,41.648,-85.4179
18135,Randolph,40.1898,-85.2037
18183,Whitley,41.2308,-85.3201
19023,Butler,42.7518,-92.7957
19045,Clinton,41.8227,-90.5448
19059,Dickinson,43.3742,-95.1744
19083,Hardin,42.2435,-93.0625
19095,Iowa,41.7557,-92.1859
19127,Marshall,42.0067,-92.7749
19137,Montgomery,40.981,-95.1029
19187,Webster,42.3616,-94.2955
19197,Wright|Franklin,42.6593,-93.5012
20027,Clay,39.4301,-96.9997
20031,Coffey,38.2622,-95.7423
20063,Gove,38.9593,-100.487
20079,Harvey,38.0364,-97.3463
20113,McPherson,38.5511,-97.4274
20139,Osage,38.7793,-95.557
20143,Ottawa,38.9692,-97.7591
21029,Bullitt,38.0562,-85.6847
21037,Campbell,38.89,-84.2481
21123,Larue,37.5668,-85.7353
21239,Woodford,38.1543,-84.678
22125,West Feliciana,30.7851,-91.3787
26027,Cass,41.9834,-86.1125
26039,Crawford,44.6566,-84.7091
26057,Gratiot,43.1807,-84.6793
26063,Huron,43.9395,-82.7149
27007,Beltrami,47.5065,-94.997
27043,Faribault,43.7677,-94.0174
27081,Lincoln,44.3814,-96.1812
27087,Mahnomen,47.3219,-95.9512
28063,Jefferson,31.7123,-91.062
28069,Kemper,32.8302,-88.4771
28099,Neshoba,32.7889,-89.2384
28125,Sharkey,32.9719,-90.8284
29005,Atchison,40.3392,-95.392
29009,Barry,36.6707,-93.9399
29021,Buchanan,39.7226,-94.6404
29041,Chariton,39.4233,-92.8025
29113,Lincoln,39.1682,-90.7879
29159,Pettis,38.6211,-93.4101
29177,Ray,39.1956,-94.0523
29229,Wright,37.1072,-92.4189
30047,Lake,47.5287,-114.1005
30067,Park,45.0187,-109.9119
35041,Roosevelt,33.8609,-103.1071
35061,Valencia,34.7687,-106.6447
37079,Greene,35.4505,-77.6768
37145,Person,36.3905,-78.9811
37171,Surry,36.5233,-80.8671
39051,Fulton,41.7113,-83.9057
39149,Shelby,40.2891,-84.1667
40015,Caddo,34.9362,-98.1363
40021,Cherokee,35.9642,-94.8912
40023,Choctaw,34.0244,-95.2972
40077,Latimer,34.9508,-95.0814
40121,Pittsburg,34.8353,-95.8357
41009,Columbia,46.0768,-122.9405
41049,Morrow,45.8959,-119.4883
42097,Northumberland,41.085,-76.8646
46003,Aurora,43.5272,-98.5894
46049,Faulk,45.1913,-99.4659
46081,Lawrence,44.5458,-103.72
46121,Todd,43.3061,-100.5948
46127,Union,42.6816,-96.68
47159,Smith,36.2414,-85.9575
48073,Cherokee,31.8968,-95.152
48203,Harrison,32.5886,-94.4468
48221,Hood,32.4885,-97.8357
48337,Montague,33.7835,-97.7302
48349,Navarro,32.0925,-96.7174
48381,Randall,35.0539,-101.8186
48419,Shelby,31.944,-94.2457
48427,Starr,26.3859,-98.899
48441,Taylor,32.4522,-99.8666
48463,Uvalde,29.3214,-99.4696
48489,Willacy,26.4634,-97.9088
48503,Young,33.195,-98.7436
49047,Uintah,40.3695,-109.3556
51520,Bristol,36.6179,-82.1607
51640,Galax,36.666,-80.9176
51770,Roanoke,37.2785,-79.958
53059,Skamania,45.6425,-121.9689
54025,Greenbrier,37.7981,-80.3003
54029,Hancock,40.6179,-80.5999
54073,Pleasants,39.3786,-81.2635
55051,Iron,46.4104,-90.2695
55075,Marinette,45.0556,-87.7476
55103,Richland,43.1857,-90.2012
55135,Waupaca|Outagamie,44.395,-88.7394
56015,Goshen,41.7852,-104.265
56043,Washakie,44.0347,-107.448
1099,Monroe,31.3074,-87.4992
4007,Gila,34.3199,-111.3051
5071,Johnson,35.4569,-93.4803
6021,Glenn,39.5149,-122.1995
8009,Baca,37.3861,-102.2801
8081,Moffat,40.5191,-108.0889
12051,Hendry,26.7325,-80.9518
13031,Bulloch,32.5383,-81.9297
13165,Jenkins,32.9149,-81.949
13213,Murray,34.8282,-84.7657
13231,Pike,33.0918,-84.4385
13297,Walton,33.7455,-83.8502
13309,Wheeler,32.1469,-82.7798
16019,Bonneville,43.5258,-111.9308
16063,Lincoln,42.9127,-114.2663
17015,Carroll,42.0904,-90.1396
17051,Fayette,38.8676,-88.8505
17115,Macon,39.7117,-88.9965
18025,Crawford,38.3714,-86.3444
18111,Newton,40.9523,-87.299
18155,Switzerland,38.7427,-85.0783
18165,Vermillion,39.667,-87.5203
18169,Wabash,40.9807,-85.8393
18181,White,40.6622,-86.8678
19015,Boone,41.9669,-93.8176
19107,Keokuk,41.3651,-91.9533
19165,Shelby,41.7263,-95.4754
19173,Taylor,40.7324,-94.9005
20121,Miami,38.6597,-94.8569
21021,Boyle,37.642,-84.7769
21023,Bracken,38.6818,-84.0666
21027,Breckinridge,37.8312,-86.6304
21031,Butler,37.2173,-86.7001
21041,Carroll,38.6806,-85.193
21071,Floyd,37.6119,-82.7291
21081,Grant,38.6415,-84.5675
21181,Nicholas,38.3162,-84.0334
21211,Shelby|Henry,38.351,-85.1121
21229,Washington,37.6922,-85.2193
22035,East Carroll,32.8133,-91.1826
22041,Franklin,32.1651,-91.721
26133,Osceola,44.0381,-85.4538
27029,Clearwater,47.6962,-95.4287
28005,Amite,31.1611,-90.8006
28023,Clarke,32.0441,-88.8844
28031,Covington,31.5581,-89.4987
29181,Ripley,36.6234,-90.8219
29219,Warren,38.8262,-91.2322
31073,Gosper,40.5733,-99.7409
31141,Platte,41.7004,-97.6938
32013,Humboldt,41.49,-117.5323
36009,Cattaraugus,42.0368,-78.3373
36097,Schuyler,42.335,-76.7881
37065,Edgecombe,35.9896,-77.58
37143,Perquimans,36.1813,-76.4673
37149,Polk,35.266,-82.1985
38003,Barnes,46.9428,-98.2238
38023,Divide,48.9163,-103.2967
38055,McLean,47.4905,-100.7104
38061,Mountrail,48.3799,-102.7718
38085,Sioux,46.2218,-101.0999
39003,Allen,40.8307,-84.0846
39011,Auglaize,40.5558,-84.0796
39123,Ottawa,41.5094,-82.9383
39131,Pike,39.1256,-82.9836
39161,Van Wert,40.7852,-84.4559
40079,Le Flore,34.9699,-94.7205
40105,Nowata,36.9146,-95.8047
42023,Cameron,41.3448,-78.134
42031,Clarion,41.021,-79.2782
42061,Huntingdon,40.6472,-78.1957
42083,McKean,41.9604,-78.6413
42099,Perry,40.3952,-77.0277
42109,Snyder,40.7625,-76.9408
42117,Tioga,41.9868,-76.9396
45059,Laurens,34.4912,-82.2957
46039,Deuel,44.5577,-96.5465
46057,Hamlin,44.5899,-97.4673
46067,Hutchinson,43.4252,-97.8081
46135,Yankton,42.8901,-97.3926
47007,Bledsoe,35.6026,-85.1984
47019,Carter|Washington,36.3688,-82.2919
47069,Hardeman,35.2285,-88.8294
47091,Johnson,36.4695,-81.8049
47129,Morgan,35.9897,-84.5573
47169,Trousdale,36.3921,-86.1568
47173,Union,36.2097,-83.7478
47183,Weakley,36.2174,-88.6107
48051,Burleson,30.346,-96.5311
48055,Caldwell,29.8785,-97.6831
48279,Lamb,34.012,-102.4147
48305,Lynn|Dawson,32.9652,-101.8309
48477,Washington,30.1586,-96.3965
49017,Garfield,37.8234,-112.4351
49037,San Juan,37.205,-109.1623
51670,Hopewell,37.2915,-77.2985
51103,Lancaster,37.6621,-76.4205
51121,Montgomery,37.0676,-80.4405
51127,New Kent,37.5095,-76.9862
51133,Northumberland,37.92,-76.4785
51145,Powhatan,37.5427,-77.9267
55085,Oneida,45.8047,-89.1708
56009,Converse,42.8565,-105.8624
56035,Sublette,42.8676,-109.8707
1087,Macon,32.4551,-85.8066
5001,Arkansas,34.1192,-91.3789
5003,Ashley,33.1212,-91.5464
5057,Hempstead,33.5113,-93.5671
5099,Nevada,33.6278,-93.2348
5105,Perry,35.0399,-92.8991
6109,Tuolumne,37.8703,-120.4443
8079,Mineral,37.8488,-106.9252
8083,Montezuma,37.5017,-108.66
12043,Glades,26.8338,-81.0985
12129,Wakulla,30.0282,-84.3936
13005,Bacon,31.5441,-82.4145
13027,Brooks,30.9433,-83.5003
13043,Candler,32.3958,-82.0621
16073,Owyhee,42.984,-116.0918
17005,Bond|Montgomery,39.029,-89.5247
17095,Knox,41.1093,-90.3988
17129,Menard,40.085,-89.7407
17135,Montgomery,39.167,-89.4735
18021,Clay,39.2769,-87.1126
18055,Greene,38.9879,-87.0813
18083,Knox,38.7991,-87.4604
18151,Steuben,41.6432,-85.005
20055,Finney,37.9864,-100.9937
20125,Montgomery,37.014,-95.9316
20185,Stafford,38,-98.7611
20189,Stevens,37.3252,-101.2065
21019,Boyd,38.4189,-82.6024
21135,Lewis,38.6876,-83.4915
21217,Taylor,37.3446,-85.351
22081,Red River,32.0256,-93.3406
22085,Sabine,31.6118,-93.4077
26031,Cheboygan|Emmet,45.7752,-84.7477
27033,Cottonwood,43.9096,-95.0461
27041,Douglas,45.9741,-95.2925
27059,Isanti,45.7223,-93.1717
27111,Otter Tail,46.3798,-96.1309
28015,Carroll,33.5186,-89.9193
28021,Claiborne,31.8804,-91.1407
28149,Warren,32.3173,-90.8868
30023,Deer Lodge,46.0607,-113.0679
31157,Scotts Bluff,41.9641,-103.9247
36049,Lewis,43.8947,-75.3914
37005,Alleghany,36.5035,-81.1218
37033,Caswell,36.5372,-79.2081
37047,Columbus,34.3189,-78.5934
37053,Currituck,36.3513,-75.9527
37083,Halifax,36.4452,-77.649
37137,Pamlico,35.1449,-76.8447
37187,Washington,35.8786,-76.617
37197,Yadkin,36.2336,-80.8351
40047,Garfield,36.4061,-97.8701
40131,Rogers|Wagoner,36.1832,-95.7663
40133,Seminole,35.2346,-96.65
40139,Texas,36.861,-101.2161
42087,Mifflin,40.5549,-77.6168
42121,Venango,41.4716,-79.9311
46025,Clark,45.107,-97.7806
46027,Clay|Turner|Yankton,43.0837,-97.1576
46047,Fall River,43.4313,-103.4836
46109,Roberts,45.8557,-96.9173
46125,Turner,43.4236,-97.2605
47031,Coffee,35.4085,-85.9639
47075,Haywood,35.4613,-89.4014
47079,Henry,36.2933,-88.3065
47109,McNairy,35.357,-88.6169
47131,Obion|Gibson,36.2021,-89.0155
48115,Dawson,32.9307,-102.1256
48135,Ector,32.0105,-102.3587
48159,Franklin,33.176,-95.2253
48213,Henderson,32.3075,-96.0138
48273,Kleberg,27.5095,-97.861
48373,Polk,30.9988,-94.8275
48407,San Jacinto,30.5898,-95.1307
48437,Swisher,34.5374,-101.7743
48473,Waller,30.0996,-96.0781
51005,Alleghany,37.7985,-79.7903
51081,Greensville|Sussex,36.816,-77.4689
51685,Manassas Park,38.7718,-77.445
51185,Tazewell,37.0879,-81.808
51840,Winchester,39.1735,-78.1746
51197,Wythe,36.953,-81.0881
54011,Cabell,38.3243,-82.2172
54065,Morgan,39.6247,-78.2275
54103,Wetzel,39.5011,-80.5554
54105,Wirt,39.0617,-81.3976
1007,Bibb,32.9597,-87.1334
1057,Fayette|Marion,33.8922,-87.7328
1065,Hale|Tuscaloosa,32.9968,-87.6272
1119,Sumter,32.5982,-88.1891
4011,Greenlee,33.0531,-109.3307
5101,Newton,36.0102,-93.1862
5123,St. Francis,35.0788,-90.8136
6003,Alpine,38.8103,-119.8033
8007,Archuleta,37.2675,-107.0301
8095,Phillips,40.6831,-102.1725
12059,Holmes,30.7234,-85.9374
13001,Appling,31.7642,-82.3508
13011,Banks|Hall,34.3095,-83.6381
13019,Berrien,31.0729,-83.196
13023,Bleckley,32.3875,-83.3523
13061,Clay,31.5198,-84.8691
13075,Cook,31.0466,-83.3906
13083,Dade,34.8741,-85.5096
13093,Dooly,32.1956,-83.7596
13123,Gilmer,34.6911,-84.484
13163,Jefferson,33.1934,-82.5287
13167,Johnson,32.7265,-82.7197
13191,McIntosh,31.3568,-81.4315
13249,Schley,32.238,-84.3089
13263,Talbot,32.5789,-84.5516
13301,Warren,33.4626,-82.7055
16017,Bonner,48.3091,-116.539
16039,Elmore,42.9502,-115.307
16053,Jerome,42.7183,-114.5159
16067,Minidoka,42.7539,-113.4901
17023,Clark,39.215,-87.6657
17033,Crawford,39.1689,-87.673
17121,Marion|Clinton|Jefferson|Washington,38.5224,-89.1233
17157,Randolph,38.2096,-89.9998
17165,Saline,37.8262,-88.5304
19009,Audubon,41.592,-94.8811
19047,Crawford,42.0757,-95.1013
19077,Guthrie,41.8452,-94.307
19097,Jackson,42.3624,-90.5422
19105,Jones,42.1141,-91.0903
19177,Van Buren,40.7011,-91.8005
20005,Atchison,39.571,-95.3037
20169,Saline,38.7736,-97.8645
21155,Marion,37.4943,-85.1483
21157,Marshall,36.8513,-88.3593
26009,Antrim,44.9024,-85.0613
26041,Delta,45.7477,-87.09
26061,Houghton,47.1277,-88.5085
26149,St. Joseph,41.8004,-85.4181
27061,Itasca,47.3207,-93.7859
27093,Meeker,44.9431,-94.5197
27165,Watonwan,44.0535,-94.8378
28003,Alcorn,34.9224,-88.4432
29039,Cedar,37.6233,-93.8036
29055,Crawford,38.0948,-91.2953
29117,Livingston,39.6713,-93.6341
29121,Macon,39.7509,-92.5646
29125,Maries|Osage,38.2848,-91.7217
29141,Morgan,38.6696,-92.8763
29151,Osage,38.4414,-92.0005
29163,Pike,39.2622,-90.8287
29179,Reynolds|Dent,37.4574,-91.212
29209,Stone,36.8054,-93.4709
29225,Webster,37.3886,-92.8304
31003,Antelope,42.3377,-97.9718
31185,York,40.7795,-97.8114
35057,Torrance,34.7669,-106.0313
37003,Alexander,35.8162,-81.2962
37161,Rutherford,35.3624,-81.836
38035,Grand Forks,47.9241,-97.3655
38065,Oliver,47.1149,-101.2977
39015,Brown,39.0293,-83.9267
39075,Holmes,40.5628,-81.8011
39135,Preble,39.8564,-84.7922
39141,Ross,39.4647,-82.7456
40009,Beckham,35.2974,-99.6284
40033,Cotton,34.1954,-98.5881
40085,Love,33.7935,-97.1426
42119,Union,40.8805,-76.9842
45011,Barnwell,33.2419,-81.3659
46091,Marshall,45.7248,-97.4139
47049,Fentress,36.1857,-85.0096
47055,Giles|Lincoln,35.0031,-86.855
47099,Lawrence,35.3218,-87.3013
47117,Marshall,35.3628,-86.8583
47177,Warren,35.6863,-85.7812
47181,Wayne,35.3236,-87.7593
48217,Hill,32.1419,-97.3972
48289,Leon,31.2579,-95.9796
48341,Moore,36.0444,-102.008
48497,Wise,33.2099,-97.7709
51089,Henry,36.7009,-79.9424
51101,King William,37.7458,-77.1315
51730,Petersburg,37.2043,-77.3913
51173,Smyth,36.8009,-81.6832
54083,Randolph,38.7968,-79.8967
54087,Roane,38.8025,-81.3531
55029,Door,45.0659,-87.133
55053,Jackson,44.2981,-90.8419
55077,Marquette,43.7653,-89.4599
5091,Miller,33.4361,-93.996
5127,Scott,34.9004,-94.0941
6063,Plumas,40.0059,-120.9525
8065,Lake,39.2467,-106.2935
8109,Saguache,38.0862,-106.1407
12013,Calhoun,30.5722,-85.1264
12125,Union,30.0638,-82.239
13107,Emanuel|Johnson,32.5306,-82.592
13131,Grady,30.8845,-84.3247
13221,Oglethorpe,33.9103,-83.218
13241,Rabun,34.9196,-83.3854
13251,Screven,32.5214,-81.5331
13259,Stewart,32.0487,-84.798
13295,Walker,34.9296,-85.294
13315,Wilcox,32.1084,-83.5029
13319,Wilkinson,32.8866,-83.3349
16003,Adams,44.7329,-116.4376
16025,Camas,43.3489,-114.8006
17053,Ford,40.5709,-88.2471
17141,Ogle,42.1236,-89.404
18017,Cass,40.8644,-86.5
18077,Jefferson,38.7369,-85.5387
19041,Clay,43.0167,-95.0367
20009,Barton,38.5245,-98.5369
20019,Chautauqua,37.0803,-96.0962
20099,Labette,37.23,-95.1836
21009,Barren,37.0047,-85.9263
21061,Edmonson,37.1952,-86.2691
21083,Graves,36.9211,-88.5226
21091,Hancock,37.8962,-86.7562
21103,Henry,38.3864,-85.2566
21127,Lawrence,38.1079,-82.6132
21197,Powell,37.8475,-83.8572
21203,Rockcastle,37.4027,-84.4144
21207,Russell,37.051,-85.0774
22029,Concordia,31.713,-91.4453
22091,St. Helena,30.6823,-90.6545
26011,Arenac,43.9794,-83.9637
26023,Branch,41.9466,-84.9989
26135,Oscoda,44.6605,-84.1418
27015,Brown,44.1488,-94.4945
27017,Carlton,46.5616,-92.6279
27083,Lyon,44.4488,-95.7897
27155,Traverse,45.5947,-96.8327
28141,Tishomingo,34.4866,-88.1863
29081,Harrison,40.2684,-94.0281
29186,Ste. Genevieve,38.0147,-90.2214
30051,Liberty,48.5113,-110.9663
30065,Musselshell,46.5987,-107.8683
31105,Kimball,41.2342,-103.4867
36099,Seneca,42.6135,-76.8225
37007,Anson,34.9645,-80.0746
37043,Clay,35.0463,-83.8181
37117,Martin,35.9443,-77.2067
37157,Rockingham,36.4428,-79.5433
37193,Wilkes,36.2469,-81.1142
38037,Grant,46.3626,-101.6385
38053,McKenzie,47.8554,-104.0375
38105,Williams,48.2521,-103.4618
39127,Perry,39.6063,-82.2046
41045,Malheur,44.2476,-117.5187
41063,Wallowa,45.5704,-117.5286
42009,Bedford,40.1599,-78.232
45009,Bamberg,33.0985,-81.0138
47085,Humphreys,36.0939,-87.7846
51025,Brunswick,36.5759,-77.9839
51029,Buckingham,37.5541,-78.5514
51031,Campbell|Appomattox,37.3426,-78.9863
51035,Carroll,36.5815,-80.6688
51043,Clarke,39.0933,-78.0601
51620,Franklin,36.6831,-76.9386
51097,King and Queen,37.6683,-76.8782
51139,Page,38.5769,-78.5027
51181,Surry,37.1371,-76.8333
51820,Waynesboro|Augusta,38.0674,-78.9014
54031,Hardy,39.0674,-78.9624
55003,Ashland,46.5986,-90.6618
55011,Buffalo,44.4214,-92.0044
55083,Oconto,45.3006,-88.5146
1025,Clarke,31.9111,-87.7419
1035,Conecuh,31.3001,-87.027
1045,Dale,31.2999,-85.4502
5015,Carroll,36.4966,-93.3977
5077,Lee,34.7737,-90.7674
12045,Gulf,30.1148,-85.1935
12049,Hardee,27.5469,-81.8103
12079,Madison,30.4716,-83.413
12093,Okeechobee,27.2172,-80.7927
13173,Lanier,31.041,-83.0748
13237,Putnam,33.2616,-83.2679
13291,Union,34.8761,-83.9548
16047,Gooding,42.7745,-114.7025
16057,Latah,46.9282,-116.8896
17127,Massac,37.1258,-88.6279
17183,Vermilion,40.0941,-87.6398
18075,Jay,40.492,-85.1468
19121,Madison,41.227,-93.9295
19131,Mitchell,43.4391,-92.784
20151,Pratt,37.6777,-98.7465
23009,Hancock,44.5847,-68.4875
24019,Dorchester,38.3357,-76.2238
26097,Mackinac,45.8593,-84.6253
27035,Crow Wing,46.169,-94.363
27047,Freeborn,43.7659,-93.5645
27173,Yellow Medicine,44.6918,-95.6194
28061,Jasper,32.0722,-89.2626
29023,Butler,36.7632,-90.4136
29025,Caldwell,39.5495,-94.0396
29063,DeKalb,39.8139,-94.5507
29073,Gasconade,38.6983,-91.4342
30009,Carbon,45.3436,-109.1817
31039,Cuming,41.8378,-96.7062
35003,Catron,33.6757,-108.7768
35017,Grant,32.7773,-108.154
35035,Otero,33.1473,-105.859
38013,Burke,48.8772,-102.5645
39117,Morrow,40.5533,-82.8279
40055,Greer,35.0514,-99.5099
45005,Allendale,32.9593,-81.2363
47027,Clay,36.5469,-85.5043
47057,Grainger,36.3322,-83.2852
47081,Hickman,35.8042,-87.4577
47097,Lauderdale,35.8796,-89.405
47153,Sequatchie,35.2007,-85.3685
48001,Anderson,32.0561,-95.5043
48063,Camp,32.9997,-94.9668
48077,Clay,33.9299,-98.3676
48089,Colorado,29.7055,-96.5563
48093,Comanche,31.9005,-98.6044
48177,Gonzales|Wilson,29.2698,-97.7658
48179,Gray,35.5479,-100.965
48265,Kerr,30.0772,-99.2381
48297,Live Oak,28.4668,-98.1784
48351,Newton,30.8502,-93.7537
48405,San Augustine,31.305,-94.2699
48499,Wood,32.9305,-95.5761
51015,Augusta,38.1618,-78.8413
51183,Sussex,37.034,-77.0956
54001,Barbour,39.1487,-80.0417
55023,Crawford,43.3516,-91.0935
55078,Menominee|Shawano,44.9347,-88.7334
1031,Coffee|Dale,31.3276,-85.8459
2290,Yukon-Koyukuk,65.1746,-152.0684
5093,Mississippi,35.8592,-90.026
5095,Monroe,34.8899,-91.1902
5103,Ouachita|Nevada,33.7518,-93.1009
5135,Sharp|Fulton,36.2959,-91.5696
6015,Del Norte,41.5322,-124.0063
8027,Custer,38.134,-105.4654
13271,Telfair|Wheeler,32.0635,-82.8968
16087,Washington,44.4618,-116.7435
17107,Logan,40.0669,-89.4429
17117,Macoupin,39.1258,-89.8173
17131,Mercer,41.0904,-90.4748
17139,Moultrie,39.6441,-88.7412
17147,Piatt,39.9229,-88.5724
18009,Blackford,40.4537,-85.3736
18147,Spencer,38.1692,-86.8257
19017,Bremer,42.669,-92.3342
19101,Jefferson,41.0543,-92.0138
19141,O'Brien,43.1814,-95.6553
20029,Cloud,39.4519,-97.5297
20035,Cowley,37.0679,-96.9958
21011,Bath,38.1193,-83.6156
21055,Crittenden,37.3321,-88.0795
21057,Cumberland,36.7906,-85.3674
21137,Lincoln,37.4531,-84.7578
21163,Meade,37.9745,-86.1107
21191,Pendleton,38.6708,-84.331
22021,Caldwell,32.0288,-92.1408
24001,Allegany,39.5653,-78.7054
26043,Dickinson,45.803,-87.9958
27071,Koochiching,47.9209,-94.2132
28153,Wayne,31.6773,-88.6353
29091,Howell,36.6311,-91.9602
29143,New Madrid,36.6111,-89.7061
31037,Colfax,41.4367,-97.2152
31067,Gage,40.2849,-96.534
31081,Hamilton,40.8812,-97.8875
31131,Otoe,40.6762,-95.8613
36123,Yates,42.6123,-77.0916
37055,Dare,35.9475,-75.6275
37073,Gates,36.4072,-76.7566
37113,Macon,35.1798,-83.3809
37121,Mitchell,36.0154,-82.1582
37169,Stokes,36.4113,-80.2122
39059,Guernsey,40.1508,-81.5758
39065,Hardin,40.788,-83.643
39171,Williams,41.5026,-84.4183
40005,Atoka,34.2356,-96.217
40073,Kingfisher,35.9814,-97.9106
40075,Kiowa,34.8662,-98.8759
40153,Woodward,36.4379,-99.2045
42053,Forest,41.4937,-79.448
45021,Cherokee,35.0742,-81.6558
45049,Hampton,32.6812,-81.1877
45065,McCormick,33.7192,-82.2173
46079,Lake,44.0009,-97.3598
46115,Spink,44.7382,-98.5089
47087,Jackson,36.3618,-85.6495
47139,Polk,35.1749,-84.6516
48129,Donley,34.8674,-100.6592
48171,Gillespie,30.2903,-99.2459
48175,Goliad,28.6708,-97.3916
48241,Jasper,30.6578,-93.9001
48249,Jim Wells,27.7132,-98.1346
48287,Lee,30.1833,-96.9279
48363,Palo Pinto,32.5509,-98.4979
48365,Panola,32.2436,-94.4561
49025,Kane,37.0262,-112.5219
51049,Cumberland,37.4914,-78.2577
51775,Salem,37.2864,-80.0555
53051,Pend Oreille,48.1788,-117.0545
54071,Pendleton,38.6219,-79.2413
55001,Adams,44.0253,-89.8861
55121,Trempealeau,44.3705,-91.3476
56041,Uinta,41.0273,-110.1536
1005,Barbour,31.781,-85.5583
1067,Henry,31.3501,-85.3523
2240,Southeast Fairbanks,63.8724,-145.2158
5073,Lafayette,33.3572,-93.4358
5117,Prairie,34.9777,-91.5068
6103,Tehama,40.027,-122.0981
8071,Las Animas,37.1225,-104.7396
8103,Rio Blanco,40.0498,-107.8953
12037,Franklin,29.652,-84.8881
13105,Elbert,34.2051,-83.0309
13197,Marion,32.3188,-84.5177
13281,Towns,34.9789,-83.554
17039,De Witt,40.2218,-88.9612
17049,Effingham,38.9537,-88.6259
17083,Jersey,39.1546,-90.1642
18121,Parke,39.7665,-87.2295
19115,Louisa,41.1772,-91.1881
19119,Lyon,43.3093,-96.4351
19149,Plymouth,42.811,-96.2666
20115,Marion,38.3744,-97.3024
20141,Osborne,39.5046,-98.5475
23003,Aroostook,46.8662,-67.9919
23029,Washington,45.134,-67.224
26095,Luce,46.3538,-85.5098
29045,Clark,40.3921,-91.9261
29115,Linn,39.8767,-93.1868
29195,Saline,39.194,-93.3636
30035,Glacier,48.5458,-113.0128
31121,Merrick,41.1667,-98.1389
33007,Coos,44.4869,-71.2599
37017,Bladen,34.7332,-78.7903
37041,Chowan,36.058,-76.6008
37087,Haywood,35.524,-83.0642
38027,Eddy,47.6798,-99.1377
38087,Slope,46.4823,-103.3194
40053,Grant,36.9248,-97.6571
40093,Major,36.3882,-98.1779
40089,McCurtain,34.0043,-95.0895
41013,Crook,44.298,-120.8616
42035,Clinton,41.0094,-77.5306
48281,Lampasas,31.0755,-97.9727
48449,Titus,33.1658,-95.1105
49007,Carbon,39.6561,-110.8461
49013,Duchesne,40.4344,-110.0308
49015,Emery,39.3301,-110.9628
49019,Grand,38.6325,-109.3966
49023,Juab,39.9197,-111.8258
49027,Millard,38.8863,-112.4072
51530,Buena Vista,37.7319,-79.3569
51033,Caroline,37.9856,-77.5244
51595,Emporia,36.6953,-77.5356
51678,Lexington,37.7825,-79.444
51155,Pulaski,36.9342,-80.7255
51159,Richmond,37.9603,-76.761
51193,Westmoreland,38.2565,-76.9784
51195,Wise,37.126,-82.6071
53003,Asotin,46.4152,-117.0502
54057,Mineral,39.6151,-78.7615
55005,Barron,45.5353,-92.0269
55107,Rusk,45.459,-91.2734
56023,Lincoln,42.7279,-110.9314
5039,Dallas,33.9171,-92.85
8091,Ouray,38.0276,-107.6734
12029,Dixie,29.4498,-83.2819
12065,Jefferson,30.477,-83.7604
13305,Wayne,31.6666,-82.0269
16029,Caribou,42.659,-111.5877
17079,Jasper,39.1043,-88.1499
17103,Lee,41.729,-89.3679
17125,Mason,40.1906,-90.1425
17149,Pike,39.5612,-90.7234
18101,Martin,38.7221,-86.8002
18161,Union,39.6349,-84.926
19075,Grundy,42.4338,-92.9265
19089,Howard,43.2459,-92.4393
19111,Lee,40.7679,-91.5165
19129,Mills,41.018,-95.7995
20073,Greenwood,37.7191,-96.224
20089,Jewell,39.9343,-98.0351
21033,Caldwell,37.1068,-87.8854
21053,Clinton,36.6906,-85.1353
21183,Ohio,37.3359,-86.9909
21193,Perry,37.346,-83.4696
27085,McLeod,44.7699,-94.1513
27119,Polk,47.6966,-96.144
29147,Nodaway,40.288,-95.0795
30001,Beaverhead,44.6384,-112.5919
31031,Cherry,42.923,-101.6997
35027,Lincoln,33.5392,-105.5983
35028,Los Alamos,35.8926,-106.2862
37009,Ashe,36.3944,-81.4898
37185,Warren,36.4396,-78.0839
39001,Adams,38.9463,-83.4094
40141,Tillman,34.3413,-98.8706
42113,Sullivan,41.418,-76.492
42131,Wyoming,41.6119,-76.0458
47161,Stewart,36.4818,-87.8437
48003,Andrews,32.2963,-102.5297
48211,Hemphill,35.9097,-100.3839
48233,Hutchinson,35.7026,-101.5317
48319,Mason,30.748,-99.2288
48455,Trinity,30.9376,-95.3254
48457,Tyler,30.9213,-94.6001
51037,Charlotte,36.9933,-78.6009
51790,Staunton|Augusta,38.1593,-79.0611
53069,Wahkiakum,46.3076,-123.6344
55071,Manitowoc,44.1525,-87.9517
55115,Shawano,45.0046,-89.0411
56011,Crook,44.3534,-104.8104
5107,Phillips,34.4212,-90.8133
5149,Yell,35.053,-93.3902
13079,Crawford,32.7232,-83.996
17007,Boone,42.3524,-88.8693
17013,Calhoun,39.2971,-90.6127
17059,Gallatin,37.9025,-88.1279
18027,Daviess,38.6679,-86.9974
19039,Clarke,41.0413,-93.9489
19079,Hamilton,42.3898,-93.728
20061,Geary,39.0271,-96.8497
20157,Republic,39.7832,-97.8961
20197,Wabaunsee,39.0689,-96.167
21001,Adair,37.1037,-85.3073
21043,Carter,38.3033,-83.1695
21089,Greenup,38.5495,-82.7788
21115,Johnson,37.8167,-82.8088
21131,Leslie,37.162,-83.3779
21133,Letcher,37.1508,-82.667
21149,McLean,37.6183,-87.3921
21171,Monroe,36.6402,-85.7963
21195,Pike,37.6178,-82.1706
27055,Houston,43.6992,-91.2823
27117,Pipestone,43.9546,-96.1905
28131,Stone,30.8557,-89.1385
31097,Johnson,40.5104,-96.1617
31137,Phelps,40.5263,-99.6324
31159,Seward,40.7782,-97.2825
37141,Pender,34.5166,-77.9174
38029,Emmons,46.4858,-100.2811
39111,Monroe,39.7631,-81.1168
41055,Sherman,45.5916,-120.6975
42057,Fulton,39.932,-77.9958
47077,Henderson,35.6611,-88.3946
48007,Aransas,28.167,-97.006
55037,Florence,45.8431,-88.6673
2195,Petersburg Borough,56.7566,-132.8727
5021,Clay,36.4365,-90.3907
5047,Franklin,35.2954,-94.0463
5065,Izard,36.1612,-92.1065
5083,Logan,35.2899,-93.7236
6033,Lake,38.8356,-122.723
12047,Hamilton,30.3317,-82.7562
13003,Atkinson,31.3358,-83.0446
13025,Brantley,31.2065,-81.9814
13161,Jeff Davis,31.7221,-82.6967
13283,Treutlen,32.3782,-82.5945
17081,Jefferson,38.3256,-88.7366
17185,Wabash,38.5276,-87.7103
18131,Pulaski,41.0535,-86.6037
19037,Chickasaw,43.1173,-92.4155
19069,Franklin,42.7578,-93.1041
19125,Marion,41.2057,-92.8843
19189,Winnebago,43.4711,-93.6168
20129,Morton,37.0038,-101.8944
22123,West Carroll,32.6038,-91.4814
26141,Presque Isle,45.2622,-83.6989
27101,Murray,44.0704,-95.6668
27127,Redwood,44.2098,-95.1297
28041,Greene,31.1037,-88.8239
29075,Gentry,40.2166,-94.5381
29123,Madison,37.4872,-90.296
29161,Phelps,37.7025,-91.8661
29227,Worth,40.4045,-94.4465
31033,Cheyenne,41.4082,-102.9708
31041,Custer,41.2863,-99.3824
31167,Stanton,41.9471,-97.2172
39115,Morgan,39.5489,-81.7944
39125,Paulding,41.019,-84.4775
39137,Putnam,40.9205,-84.0597
39145,Scioto,38.8618,-82.8552
40067,Jefferson,34.0826,-97.9788
41015,Curry,42.3974,-124.4171
48371,Pecos,30.8926,-102.8847
48505,Zapata,26.9027,-99.2612
51011,Appomattox,37.3591,-78.8269
51071,Giles,37.3315,-80.8083
51167,Russell|Dickenson,36.9792,-82.296
54041,Lewis,39.11,-80.4085
54091,Taylor,39.2666,-80.1286
55061,Kewaunee,44.4607,-87.5133
55137,Waushara,44.1788,-89.2442
2050,Bethel,60.7287,-161.773
12041,Gilchrist,29.6092,-82.8146
12123,Taylor,29.6795,-83.3837
13141,Hancock,33.2767,-82.9704
16077,Power,42.8847,-112.5942
17029,Coles,39.4774,-88.3627
17101,Lawrence,38.7197,-87.8726
17159,Richland,38.6974,-88.2234
17173,Shelby|Christian,39.6265,-89.0189
19021,Buena Vista,42.8916,-95.1488
19055,Delaware,42.4798,-91.5915
19073,Greene,42.033,-94.237
20007,Barber,37.0144,-98.6492
20163,Rooks,39.2532,-99.5634
20171,Scott,38.4791,-100.9023
20175,Seward,37.0466,-100.9295
21087,Green,37.3265,-85.543
21099,Hart,37.2535,-85.7896
21219,Todd,36.7225,-87.2628
22023,Cameron,29.9717,-93.3947
26105,Mason,43.9511,-86.2798
27135,Roseau,48.8445,-95.7624
27151,Swift,45.2814,-95.7559
29059,Dallas,37.8435,-93.1676
29089,Howard|Chariton,39.2279,-92.8394
29149,Oregon,36.5974,-91.6461
29167,Polk,37.6331,-93.5769
29199,Scotland,40.467,-91.9736
37153,Richmond,34.9386,-79.7608
38011,Bowman,46.184,-103.3991
39105,Meigs,38.9984,-81.9686
40007,Beaver,36.8517,-100.0552
40043,Dewey,36.1548,-98.9296
40095,Marshall,34.0867,-96.7742
42047,Elk,41.357,-78.6101
42065,Jefferson,41.1615,-79.0827
48059,Callahan,32.4056,-99.5039
48107,Crosby,33.6413,-101.2377
48111,Dallam|Hartley,36.0579,-102.5123
48193,Hamilton,31.6997,-98.1208
48195,Hansford,36.066,-101.4769
48275,Knox,33.468,-99.5236
48335,Mitchell,32.3571,-101.0132
51027,Buchanan,37.2754,-82.0988
51045,Craig,37.5013,-80.1119
51053,Dinwiddie,36.9853,-77.7219
51111,Lunenburg,36.9608,-78.1283
51157,Rappahannock,38.6562,-78.2322
54009,Brooke,40.2811,-80.6102
54019,Fayette,37.9504,-81.1666
54047,McDowell,37.4501,-81.7029
54067,Nicholas,38.2865,-80.841
54095,Tyler,39.4947,-80.907
54109,Wyoming,37.6927,-81.6324
55065,Lafayette,42.5801,-90.0235
5087,Madison,36.1458,-93.8627
12067,Lafayette,30.0511,-83.1768
17067,Hancock,40.5457,-91.3829
17175,Stark,41.1773,-89.6582
19195,Worth,43.3534,-93.2106
21007,Ballard,37.0513,-89.0446
21109,Jackson,37.3255,-83.9622
21235,Whitley,36.6781,-84.1284
26153,Schoolcraft,45.9591,-86.2507
27115,Pine,45.8367,-92.9683
29221,Washington,37.7651,-90.7723
30083,Richland,47.7152,-104.168
38093,Stutsman,47.3,-98.7321
39069,Henry,41.4387,-84.2554
39079,Jackson,39.1172,-82.5375
46102,Oglala Lakota,43.027,-102.5525
47039,Decatur|Henderson,35.5188,-88.2526
48025,Bee,28.5277,-97.7831
48119,Delta,33.3716,-95.6912
48125,Dickens,33.4701,-100.8556
48153,Floyd,33.9835,-101.3367
48163,Frio,28.8885,-99.0988
48253,Jones|Fisher,32.8898,-100.1329
50009,Essex,45.009,-71.4935
54005,Boone,37.9963,-81.8202
54007,Braxton,38.8579,-80.6539
54027,Hampshire,39.4449,-78.6977
1105,Perry,32.6318,-87.3172
8047,Gilpin,39.7963,-105.5151
8099,Prowers,38.074,-102.6155
17153,Pulaski,37.1145,-89.2024
17169,Schuyler,40.1199,-90.5666
21121,Knox,36.8667,-83.8849
28065,Jefferson Davis,31.4961,-89.745
29185,St. Clair,37.9891,-93.6637
29217,Vernon,37.8445,-94.3492
30095,Stillwater,45.7071,-109.5471
31021,Burt,41.936,-96.4717
31143,Polk,41.116,-97.5911
32033,White Pine,38.9157,-115.0643
35007,Colfax,36.8849,-104.4396
37103,Jones,35.064,-77.3553
38077,Richland,46.0734,-96.8916
39121,Noble,39.7888,-81.5565
46031,Corson,45.6832,-100.7967
46073,Jerauld,44.1829,-98.3683
48019,Bandera|Medina,29.6383,-98.9869
48237,Jack,33.1636,-98.3891
48313,Madison,31.0252,-95.7539
48307,McCulloch,31.1993,-99.5809
48403,Sabine,31.4541,-93.7979
48415,Scurry,32.6366,-100.7523
51063,Floyd,36.9118,-80.3184
51119,Middlesex,37.6395,-76.5747
54099,Wayne,38.4026,-82.5821
55113,Sawyer,45.7976,-91.3005
5089,Marion,36.2289,-92.686
12077,Liberty,30.3906,-84.9857
17057,Fulton,40.4744,-90.2949
17061,Greene,39.2693,-90.2066
18123,Perry,37.9106,-86.7377
19143,Osceola,43.2863,-95.6087
19175,Union,40.948,-94.2192
21223,Trimble,38.5953,-85.3175
26109,Menominee,45.688,-87.5265
27105,Nobles,43.8266,-95.4823
30003,Big Horn,45.6026,-107.4591
31035,Clay,40.3548,-98.1392
31061,Franklin,40.0966,-98.9514
31181,Webster,40.0864,-98.5222
35029,Luna,32.3161,-107.7602
38081,Sargent,46.2668,-97.3332
40099,Murray,34.4977,-96.9899
40107,Okfuskee,35.4903,-96.4793
46097,Miner,44.1686,-97.715
48095,Concho,31.2162,-99.844
48097,Cooke,33.5703,-97.0129
48227,Howard,32.2795,-101.3496
48379,Rains,32.9011,-95.9397
48429,Stephens,32.7566,-98.9125
48495,Winkler,31.7545,-103.1541
51570,Colonial Heights,37.265,-77.3969
51600,Fairfax,38.8531,-77.2997
51169,Scott,36.6401,-82.5782
53049,Pacific,46.6755,-123.6648
55095,Polk,45.7159,-92.3965
56027,Niobrara,42.6643,-104.0913
2198,Prince of Wales-Hyder,55.5573,-132.4137
13209,Montgomery,32.1882,-82.5699
17109,McDonough,40.3269,-90.6082
17145,Perry,38.0333,-89.24
17187,Warren|Mercer,41.0629,-90.5555
20051,Ellis,38.8816,-99.3219
20075,Hamilton,38.0415,-102.0078
20147,Phillips,39.6694,-99.1225
21069,Fleming,38.4278,-83.8618
21077,Gallatin,38.7252,-84.8238
21119,Knott,37.335,-82.9819
21205,Rowan,38.152,-83.5043
22107,Tensas,32.0723,-91.239
26007,Alpena,45.074,-83.4399
26085,Lake,44.0386,-85.6827
27005,Becker,46.8066,-95.3526
29003,Andrew,39.8388,-94.8205
29093,Iron,37.2837,-90.6354
30037,Golden Valley,46.295,-108.9388
31013,Box Butte,42.3213,-103.0753
31139,Pierce,42.2747,-97.6651
31179,Wayne,42.2758,-97.1909
35037,Quay,35.3581,-103.4449
38079,Rolette,48.6609,-99.8417
39073,Hocking,39.4719,-82.7374
41011,Coos,42.886,-124.0735
46111,Sanborn,44.0541,-98.2724
48127,Dimmit,28.4461,-99.7604
54063,Monroe,37.3991,-80.795
54089,Summers,37.6652,-80.8828
55099,Price,45.5301,-90.5868
1061,Geneva,31.0437,-85.8764
13109,Evans,32.1613,-81.9093
18007,Benton|Tippecanoe,40.4882,-87.0857
18125,Pike,38.3827,-87.2129
20093,Kearny,37.982,-101.1333
20187,Stanton,37.5699,-101.7443
21175,Morgan,37.892,-83.4445
21189,Owsley,37.4719,-83.6826
21221,Trigg,36.8696,-87.8048
27125,Red Lake,47.8837,-96.2727
27133,Rock,43.5275,-96.3591
27153,Todd,46.324,-95.0903
31043,Dakota,42.4507,-96.579
46119,Sully,44.5538,-100.4753
46129,Walworth,45.533,-100.2711
54023,Grant,39.2711,-79.3662
54059,Mingo,37.7062,-82.2737
56003,Big Horn,44.4471,-108.432
5067,Jackson,35.4481,-91.2315
17087,Johnson,37.4715,-88.9746
19029,Cass,41.2343,-95.1392
26119,Montmorency,44.873,-84.3281
32001,Churchill,39.4151,-118.7165
37099,Jackson,35.2958,-83.1954
40003,Alfalfa,36.5791,-98.4578
46069,Hyde,44.5214,-99.4393
47095,Lake,36.3862,-89.4674
47175,Van Buren,35.7393,-85.456
48345,Motley,33.8992,-100.8561
51610,Falls Church,38.8847,-77.1751
55047,Green Lake|Waushara,43.9704,-88.9505
17025,Clay,38.6688,-88.4758
20041,Dickinson,38.9358,-97.1246
21045,Casey,37.3206,-84.9285
21079,Garrard,37.6152,-84.5817
21139,Livingston,37.2456,-88.3589
31151,Saline,40.4809,-96.9646
37177,Tyrrell,35.9201,-76.242
40069,Johnston,34.2407,-96.7566
41031,Jefferson,44.5232,-121.211
48011,Armstrong,35.1075,-101.3628
48131,Duval|Jim Wells,27.7609,-98.2389
48487,Wilbarger,34.148,-99.3
54043,Lincoln,38.2805,-82.1086
55129,Washburn|Sawyer,45.8445,-91.5502
2180,Nome,65.3413,-166.4953
17181,Union,37.3599,-89.1654
20183,Smith,39.7665,-98.9198
26001,Alcona,44.6575,-83.2946
27107,Norman,47.1761,-96.8015
29061,Daviess,39.9106,-93.9642
29087,Holt,39.9861,-95.1433
29131,Miller,38.3512,-92.5766
30073,Pondera,48.2905,-112.8363
31123,Morrill,41.6639,-103.0962
39067,Harrison,40.3265,-80.8954
47127,Moore,35.2846,-86.3587
48035,Bosque,32.0562,-97.7507
48161,Freestone,31.7897,-96.461
49041,Sevier,38.9201,-111.934
2150,Kodiak Island,57.8754,-152.8745
17003,Alexander,37.2416,-89.2714
26013,Baraga,46.7766,-88.4965
27095,Mille Lacs|Sherburne,45.5689,-93.59
31093,Howard,41.2156,-98.628
31125,Nance,41.4709,-98.0677
46101,Moody,43.9063,-96.6578
48283,La Salle,28.4364,-99.2367
48315,Marion,32.7634,-94.3511
48387,Red River,33.5523,-94.7804
48393,Roberts,35.6924,-100.6416
48421,Sherman,36.4937,-101.7937
51057,Essex,37.9187,-76.8667
17071,Henderson,40.8539,-90.8621
17191,Wayne,38.5208,-88.5382
20017,Chase,38.3732,-96.6459
20181,Sherman,39.3366,-102.0373
20205,Wilson,37.525,-95.6614
27001,Aitkin,46.5303,-93.7051
31023,Butler,41.1983,-97.2974
31145,Red Willow,40.2046,-100.6213
40061,Haskell,35.2569,-94.9225
40091,McIntosh,35.2043,-95.8893
40151,Woods,36.5849,-98.8784
47143,Rhea,35.4493,-85.0763
48507,Zavala,28.7221,-99.8327
17065,Hamilton,38.0902,-88.5386
26019,Benzie,44.5203,-85.8728
27069,Kittson,48.8577,-96.8019
29111,Lewis,40.1295,-91.5266
29127,Marion|Ralls,39.7097,-91.3936
31065,Furnas,40.2776,-99.7763
32021,Mineral,38.6468,-118.7572
35019,Guadalupe,34.936,-104.6769
40059,Harper,36.6174,-99.7484
47033,Crockett,35.7203,-89.0859
48065,Carson,35.5707,-101.1731
48501,Yoakum,33.1896,-102.8271
49039,Sanpete,39.2246,-111.8542
20179,Sheridan,39.3558,-100.4396
21051,Clay,37.2701,-83.6496
21075,Fulton,36.5145,-88.8819
27089,Marshall,48.2929,-96.1945
27097,Morrison,45.9772,-94.1008
29007,Audrain,39.2747,-91.5763
38063,Nelson,48.0132,-98.0004
48075,Childress,34.4293,-100.2516
48225,Houston,31.3177,-95.4564
48369,Parmer,34.5157,-102.8846
17017,Cass,39.9525,-90.2107
17193,White,37.9789,-88.3279
20081,Haskell,37.4822,-100.8465
27023,Chippewa,44.9583,-95.3672
31051,Dixon|Wayne,42.2665,-96.8632
48205,Hartley,35.8914,-102.3933
17069,Hardin,37.4239,-88.3501
19035,Cherokee,42.5756,-95.7202
19091,Humboldt,42.868,-94.184
21105,Hickman,36.7596,-89.102
27113,Pennington,48.0135,-96.2137
32015,Lander,39.4978,-117.0741
40025,Cimarron,36.5633,-102.795
51720,Norton|Wise,36.9314,-82.6262
51141,Patrick,36.6344,-80.1985
20047,Edwards,37.937,-99.2547
29033,Carroll,39.4579,-93.5239
29133,Mississippi,36.7789,-89.3841
31059,Fillmore,40.4149,-97.5871
38103,Wells,47.7926,-99.6528
48047,Brooks,27.22,-98.0645
48483,Wheeler,35.5291,-100.4394
51091,Highland,38.4116,-79.5809
5049,Fulton,36.3713,-91.8246
20025,Clark,37.0405,-99.9876
20069,Gray,37.5925,-100.4502
20097,Kiowa,37.6175,-99.1058
20159,Rice,38.3462,-98.2045
21039,Carlisle,36.9081,-88.8867
31077,Greeley,41.5484,-98.5305
31163,Sherman,41.1562,-99.1532
35021,Harding,35.9451,-104.1963
48079,Cochran,33.5997,-102.6133
48247,Jim Hogg,26.8827,-98.8948
20067,Grant,37.5772,-101.3547
20119,Meade,37.2836,-100.343
30107,Wheatland,46.3447,-109.5123
46117,Stanley,44.3679,-100.3831
48353,Nolan|Coke,32.0851,-100.3194
48357,Ochiltree,36.3932,-100.7974
55123,Vernon,43.6559,-90.3365
16059,Lemhi,44.6801,-113.3593
31173,Thurston,42.0574,-96.5128
35059,Union,36.8481,-103.9186
37115,Madison,35.892,-82.8291
38067,Pembina,48.8803,-97.4741
46089,McPherson,45.7212,-98.9385
54021,Gilmer,38.9379,-80.8339
2220,Sitka,57.2401,-135.3153
31095,Jefferson,40.3217,-97.2983
38073,Ransom,46.5244,-97.9311
46059,Hand,44.5205,-98.9869
54013,Calhoun,38.9204,-81.0934
19151,Pocahontas,42.8767,-94.6222
31027,Cedar,42.4555,-97.4698
31175,Valley,41.4248,-99.1259
37029,Camden,36.4379,-76.3308
40127,Pushmataha,34.5857,-95.3561
46043,Douglas,43.2666,-98.1592
48101,Cottle,34.0144,-100.3038
54075,Pocahontas,38.4353,-79.8116
5097,Montgomery,34.4584,-93.6791
6043,Mariposa,37.4797,-119.6374
20131,Nemaha,39.7242,-96.1304
21169,Metcalfe,36.9842,-85.619
21187,Owen,38.4233,-84.8728
27159,Wadena,46.629,-95.0878
37075,Graham,35.4328,-83.8248
39163,Vinton,39.1591,-82.5243
41025,Harney,43.5568,-119.0804
46017,Buffalo,44.0335,-98.9886
48295,Lipscomb,36.2215,-100.2621
48399,Runnels,31.7396,-99.9559
51077,Grayson,36.7022,-81.4413
19051,Davis,40.7984,-92.4815
20023,Cheyenne,39.7495,-101.5328
31063,Frontier,40.6335,-100.5112
35051,Sierra,33.1864,-107.2589
37095,Hyde,35.5472,-76.2261
37173,Swain,35.4262,-83.4474
46037,Day,45.4965,-97.4932
20077,Harper,37.286,-97.8921
31087,Hitchcock,40.2284,-100.8351
48169,Garza,33.1911,-101.3814
48173,Glasscock,31.8674,-101.4864
17009,Brown,39.9854,-90.7641
19025,Calhoun,42.4561,-94.4559
19067,Floyd,42.9648,-92.8683
19161,Sac,42.3118,-95.2542
19185,Wayne,40.7077,-93.3689
20137,Norton,39.6271,-99.8197
27065,Kanabec,45.7957,-93.1524
38075,Renville,48.8683,-101.5678
48043,Brewster,30.364,-103.6651
55069,Lincoln,45.4746,-89.7228
27051,Grant,45.8687,-96.1964
31101,Keith,41.1316,-101.5853
48045,Briscoe,34.3674,-101.0555
48083,Coleman,31.8317,-99.4222
13265,Taliaferro,33.5601,-82.795
19135,Monroe,40.979,-93.0508
29109,Lawrence,36.9674,-93.7183
29211,Sullivan,40.1972,-93.35
31089,Holt,42.3819,-98.5298
37199,Yancey,35.9164,-82.2974
54085,Ritchie,39.2104,-81.0485
20013,Brown,39.9293,-95.6944
20053,Ellsworth,38.5876,-98.412
31011,Boone,41.6873,-97.9987
40011,Blaine|Canadian,35.5927,-98.2913
48391,Refugio,28.3911,-96.8437
27121,Pope,45.6148,-95.7382
38057,Mercer,47.3187,-101.3822
48017,Bailey,34.2292,-102.7284
48081,Coke,31.8857,-100.2954
48087,Collingsworth,34.8538,-100.2141
8111,San Juan,37.8111,-107.6646
31171,Thomas|Blaine,41.9033,-100.2699
41001,Baker,44.9123,-117.9396
46051,Grant,45.0441,-96.7604
46137,Ziebach,45.0495,-101.6013
54015,Clay,38.4662,-81.0814
55041,Forest,45.4394,-88.6581
2261,Valdez-Cordova,62.2152,-145.4449
8017,Cheyenne,38.7629,-102.7954
8021,Conejos,37.2574,-105.9007
13125,Glascock,33.1534,-82.625
21095,Harlan,36.7594,-83.4711
27075,Lake,47.294,-91.2779
38005,Benson,48.2875,-99.4344
38097,Traill,47.3482,-97.4101
48417,Shackelford,32.5472,-99.1666
49031,Piute,38.2357,-112.2238
17151,Pope,37.5005,-88.5847
19071,Fremont,40.7982,-95.6085
19147,Palo Alto,43.0266,-94.5272
32017,Lincoln,37.952,-114.4434
48267,Kimble,30.4906,-99.7725
48389,Reeves,31.4046,-103.5057
20003,Anderson,38.1818,-95.4905
29105,Laclede,37.5486,-92.5961
31045,Dawes,42.826,-103.0025
51580,Covington,37.7785,-79.9868
6105,Trinity,40.561,-123.1299
8011,Bent,38.1063,-102.956
47137,Pickett,36.5737,-85.1345
19093,Ida,42.3439,-95.4732
17047,Edwards,38.4449,-87.9975
19063,Emmet,43.3998,-94.8343
31147,Richardson,40.2322,-95.7735
40149,Washita,35.156,-99.0594
46123,Tripp,43.3776,-99.855
55013,Burnett,45.7813,-92.6836
55091,Pepin,44.4852,-92.2633
29065,Dent,37.6398,-91.5346
48009,Archer,33.5937,-98.6257
48151,Fisher,32.746,-100.3794
48207,Haskell,33.1597,-99.732
5081,Little River,33.7388,-94.148
17155,Putnam,41.2637,-89.23
21153,Magoffin,37.7459,-83.0646
29197,Schuyler,40.5238,-92.5314
31129,Nuckolls,40.1642,-97.9738
19003,Adams,41.0497,-94.824
19117,Lucas,41.0176,-93.3095
38091,Steele,47.5974,-97.8994
20135,Ness,38.6406,-99.7443
21013,Bell,36.7537,-83.7087
32029,Storey,39.3075,-119.6483
35023,Hidalgo,32.3748,-108.7161
19159,Ringgold,40.7141,-94.2376
21237,Wolfe,37.7999,-83.4172
37011,Avery,36.0987,-81.8482
38009,Bottineau,48.6046,-100.2934
40029,Coal,34.4708,-96.2209
47067,Hancock,36.5367,-83.2099
48333,Mills,31.4513,-98.5736
48411,San Saba,31.1965,-98.7244
2188,Northwest Arctic,66.9726,-160.4344
21063,Elliott,38.0929,-83.1241
48191,Hall,34.547,-100.44
31083,Harlan,40.1036,-99.3655
55067,Langlade,45.1415,-89.1556
55119,Taylor,45.0772,-90.3143
56031,Platte,42.0089,-104.9711
6091,Sierra,39.574,-120.6297
20033,Comanche,37.2004,-99.4808
20083,Hodgeman,38.1229,-99.7126
20101,Lane,38.4811,-100.4664
20195,Trego,39.0373,-100.1186
38039,Griggs,47.5402,-98.2291
6035,Lassen,40.1419,-120.1399
27057,Hubbard,46.917,-95.0596
29079,Grundy,40.0819,-93.603
48197,Hardeman,34.2954,-99.7429
48475,Ward,31.4616,-103.3955
31029,Chase,40.455,-101.5355
46071,Jackson,43.7269,-101.9837
16009,Benewah,47.3301,-116.8849
48377,Presidio,29.5603,-104.3653
6049,Modoc,41.1964,-120.9494
48229,Hudspeth,31.9349,-105.1998
19053,Decatur,40.8784,-93.5924
29137,Monroe,39.4773,-92.0039
29203,Shannon,36.9817,-91.5749
41037,Lake,43.1264,-121.0495
48383,Reagan,31.1941,-101.4534
56045,Weston,43.9847,-104.4268
2185,North Slope,68.15,-151.7162
21129,Lee,37.5862,-83.7065
27149,Stevens,45.6895,-96.0143
31071,Garfield,41.78,-99.1341
32027,Pershing,40.4556,-118.2676
16041,Franklin,42.0124,-111.8036
17045,Edgar,39.6148,-87.6905
29215,Texas|Shannon,37.1785,-91.6576
31169,Thayer,40.2475,-97.3877
40063,Hughes,35.0941,-96.1238
46045,Edmunds,45.4501,-99.337
46077,Kingsbury,44.3862,-97.5498
2060,Bristol Bay,58.753,-156.5061
48271,Kinney,29.1733,-100.4112
2070,Dillingham,58.9049,-157.6691
29067,Douglas,36.9546,-92.6661
29129,Mercer,40.3966,-93.5884
46053,Gregory,43.0281,-98.8891
31015,Boyd,42.8313,-98.4668
31069,Garden,41.4081,-102.3453
21065,Estill,37.6969,-83.9684
26071,Iron,46.0557,-88.605
30087,Rosebud,45.5977,-106.2975
38021,Dickey,46.0043,-98.5254
46041,Dewey,45.2746,-100.9012
48235,Irion,31.2619,-100.8208
