Snohomish,171183,6808,48.0639,-122.0920
Cook,2614024,114268,42.1347,-87.7641
Orange,806607,22846,28.4727,-81.4169
Maricopa,307385,12345,33.3858,-112.3236
Los Angeles,1663886,74906,33.9716,-117.8911
Santa Clara,139399,6777,37.4340,-121.8921
Suffolk,2710362,108412,40.9330,-72.4047
San Francisco,102851,1704,37.7562,-122.4430
Dane,29973,1267,43.0540,-89.3334
San Diego,260288,9755,32.8439,-116.7585
Bexar,99225,2987,29.5545,-98.3404
Douglas,157255,3541,47.6480,-120.0707
Humboldt,7516,177,41.4900,-117.5323
Sacramento,66042,2702,38.5740,-121.2523
Solano,19187,553,38.1133,-122.2359
Spokane,24172,1432,47.4513,-117.1307
Salt Lake,172694,2193,40.4743,-111.9383
Marin,17322,767,38.2436,-122.9560
Napa,4411,149,38.5063,-122.4682
Sonoma,18782,194,38.7173,-122.9034
Washington,201903,9222,43.4204,-88.3443
King,406711,28536,47.4122,-122.4726
Alameda,115424,3789,37.6861,-121.7608
Hillsborough,155505,5690,27.7065,-82.4209
Manatee,38205,3375,27.5107,-82.7152
New York City,10246784,989120,27.5107,-82.7152
Unknown,639258,26685,27.5107,-82.7152
Placer,10165,490,39.2138,-120.8033
San Mateo,81401,3161,37.5860,-122.3669
Fulton,192377,8151,43.1028,-74.2661
Norfolk,343819,29334,36.8945,-76.2590
Grafton,3745,34,44.0364,-71.6895
Walla Walla,4409,51,46.1991,-118.9728
Contra Costa,58751,1578,37.9722,-122.0016
Wake,57865,1085,35.8366,-78.8348
Bergen,909260,65509,40.8247,-74.0613
Westchester,1749676,65307,40.9469,-73.7316
Fort Bend,70563,1680,29.5460,-95.8220
Chelan,8194,399,47.5175,-120.4671
Jefferson,705498,38375,47.9101,-122.7006
Santa Rosa,9885,452,30.7826,-87.2309
Montgomery,741049,43951,30.1811,-95.1550
Middlesex,1578473,95085,40.4489,-74.2495
Clark,314224,16169,45.9122,-122.4795
Washoe,58216,1996,40.6451,-119.3614
Nassau,2093871,118670,30.6580,-81.4504
Williamson,48952,1226,30.5130,-97.7382
Harris,437503,8280,29.8671,-95.0537
Pinal,28958,1071,33.1427,-111.7853
Yolo,9562,934,38.8926,-121.9741
Denver,203352,10583,39.7621,-104.8759
Eagle,34071,452,39.6386,-106.3608
El Paso,138605,5944,31.8110,-106.1643
Broward,314067,12009,26.1593,-80.1395
Lee,139713,6854,26.7123,-81.8684
Polk,156285,5209,45.7159,-92.3965
Honolulu,25030,545,21.4921,-157.8721
Marion,556192,25095,39.5119,-80.2514
Fayette,52643,1939,37.9504,-81.1666
Ramsey,59902,2725,48.1131,-98.8753
Camden,235166,10526,39.8969,-75.0890
Rockland,680229,20644,41.1213,-74.0685
Chatham,37244,1393,35.6239,-79.0768
Tulsa,37897,1958,35.8602,-95.9753
Delaware,276932,19067,42.4459,-74.9088
Wayne,1075291,104478,38.4026,-82.5821
Charleston,28740,445,32.7768,-80.2272
Kershaw,15686,608,34.4143,-80.3487
Davis,19566,135,40.7984,-92.4815
Pierce,96867,3254,46.9994,-122.3921
Fresno,48942,762,36.5399,-119.8450
Madera,3718,131,36.9640,-120.0803
Riverside,261940,10636,33.9797,-116.9694
Santa Cruz,13231,136,37.0555,-122.0118
District of Columbia,306722,14927,38.9047,-77.0163
Charlotte,16743,1674,26.9226,-82.3537
Okaloosa,9484,235,30.4127,-86.6588
Volusia,28872,1327,28.8815,-81.3240
Cobb,111177,5955,33.8660,-84.6839
Gwinnett,122038,4333,34.1354,-83.9763
Johnson,119067,7277,43.7100,-106.6371
Berkshire,28114,1976,42.6844,-73.1166
St. Louis,200590,13189,38.5242,-90.3365
Rockingham,67429,2351,42.8850,-70.8234
Saratoga,21779,169,42.9468,-73.6441
Jackson,113672,4789,44.2981,-90.8419
Klamath,2172,1,42.4419,-121.2716
Bennington,3058,57,42.8848,-73.2143
Fairfax,299784,10672,38.7773,-77.2633
Kittitas,2180,1,47.2507,-121.0989
Fairfield,691447,48795,41.1144,-73.4215
Cherokee,38688,1275,31.8968,-95.1520
Hendricks,46248,2945,39.8329,-86.3824
Harrison,31805,1631,39.2044,-80.4034
Harford,28351,1279,39.4861,-76.3908
Worcester,383443,21484,42.5438,-71.6147
Carver,4466,45,44.8634,-93.6586
Passaic,711586,33280,40.9628,-74.1844
Ulster,73544,1274,41.6655,-74.3912
Spartanburg,19370,623,34.6439,-81.8584
Davidson,202771,2436,35.8813,-80.0807
Shelby,224402,5972,31.9440,-94.2457
Kitsap,9527,108,47.5508,-122.6655
Pima,83247,6255,32.0596,-111.2865
Shasta,1899,231,40.8005,-121.9375
Arapahoe,161935,9629,39.5993,-105.0350
Larimer,23485,1076,40.8071,-105.5864
DeKalb,153839,3813,36.0045,-85.9779
Floyd,24086,1984,33.9835,-101.3367
Noble,6789,727,41.5256,-85.3667
Pottawattamie,5539,152,41.4516,-95.6175
Prince George's,467518,16648,39.0603,-76.8456
Hudson,841759,45285,40.7927,-74.0048
Monmouth,369084,21776,40.2324,-74.2943
Union,765542,41974,30.0638,-82.2390
Cuyahoga,154601,7339,41.4094,-81.5625
Monroe,226151,13916,43.8132,-90.5268
Collin,49965,1297,33.2016,-96.6669
Virginia Beach city,26375,776,33.2016,-96.6669
San Joaquin,34990,1591,38.1218,-121.2933
Ventura,38976,1216,34.2819,-119.1452
Gunnison,9933,285,38.6086,-106.5164
Alachua,17397,221,29.5060,-82.2806
Collier,46578,1445,26.0889,-81.7031
Pasco,16190,454,28.1830,-82.1539
Pinellas,50252,2686,27.9087,-82.7162
Charlton,933,24,30.8392,-82.0073
Kane,160900,4750,41.7637,-88.2901
McHenry,48163,2435,48.4977,-100.6098
Adams,142004,5398,46.7735,-118.8277
Boone,44871,2419,37.9963,-81.8202
Orleans,408149,25713,30.0687,-89.9288
Essex,1341221,97699,40.8428,-74.2014
Oakland,428265,41514,42.7827,-83.2456
Anoka,30432,1438,45.0484,-93.2472
Burlington,170801,9103,39.9016,-74.9297
Multnomah,45403,2497,45.5358,-122.4205
Philadelphia,886071,42230,40.0077,-75.1339
Beadle,3670,131,44.4338,-97.9885
Charles Mix,435,1,43.1559,-98.5362
Davison,465,88,43.7127,-98.2609
Minnehaha,126284,1270,43.5511,-96.6354
Sullivan,59502,1144,43.3790,-72.3368
Dallas,340156,7791,32.6530,-96.5455
Tarrant,173295,5014,32.8605,-97.2180
Weber,10478,151,41.1717,-112.0480
Loudoun,64558,1565,39.1319,-77.7681
Skagit,21104,702,48.4878,-122.6292
Whatcom,20196,1843,48.9230,-122.7543
Stanislaus,24589,874,37.6374,-121.0028
Pitkin,3690,144,39.2203,-106.9393
New Castle,124134,4934,39.8056,-75.4862
Miami-Dade,756997,23186,25.8787,-80.1250
St. Johns,13325,262,30.1900,-81.3704
Bartow,21422,1733,34.3702,-84.9214
Lowndes,20596,685,32.1801,-86.6888
Lake,428297,16565,29.1635,-81.5349
Howard,76338,2443,32.2795,-101.3496
St. Joseph,45561,1502,41.6736,-86.1669
Caddo,104980,7081,32.6091,-93.8841
Baltimore,200450,9494,39.4240,-76.6177
Olmsted,20223,402,43.8606,-92.4896
Forrest,16957,998,31.3074,-89.3170
Bernalillo,54851,2475,35.0609,-106.4587
Santa Fe,6687,71,35.8464,-105.9948
Socorro,2270,129,34.2183,-106.9151
Ward,1740,53,31.4616,-103.3955
Stark,28222,3185,46.8841,-102.3332
Deschutes,5265,1,44.2614,-121.2995
Linn,45570,3282,42.1494,-91.6209
Umatilla,3811,71,45.9760,-118.5010
Bucks,192317,15483,40.5965,-75.1987
Lancaster,148189,10962,40.6818,-96.5039
Bon Homme,294,1,42.7822,-97.9816
Gregg,6814,73,32.5426,-94.9465
Chittenden,25737,1863,44.4877,-73.2314
Arlington,68148,3027,38.8786,-77.1011
Island,11357,558,48.1865,-122.4708
Thurston,7792,65,46.8537,-122.8607
Fond du Lac,6405,213,43.8377,-88.3465
Waukesha,23979,1078,43.1229,-88.3838
Sheridan,1133,1,44.9488,-107.3077
Anchorage,11123,250,61.1508,-149.1091
Pulaski,43135,1427,36.9342,-80.7255
Tulare,55827,2601,36.3790,-119.0312
Litchfield,57043,4946,41.7457,-73.1893
Clay,44593,2304,38.4662,-81.0814
Duval,66052,1631,30.3165,-81.4118
Palm Beach,209009,12189,26.6815,-80.1265
Sarasota,24467,2676,27.3328,-82.4616
Seminole,26104,665,28.7893,-81.2760
Carroll,68067,4573,44.0524,-71.1247
Wyandotte,50359,3186,39.1234,-94.7443
Androscoggin,6248,89,44.0086,-70.0570
Ingham,29838,829,42.5558,-84.3030
Kent,200764,6238,38.8699,-75.5790
Montcalm,2551,58,43.2928,-85.0789
St. Clair,60654,3933,33.5609,-86.2668
Washtenaw,65978,3771,42.2755,-83.7312
Dakota,79515,1470,42.4507,-96.5790
Hennepin,196745,17280,44.9394,-93.5891
Stearns,52285,274,45.4650,-94.3222
Greene,40100,2175,35.4505,-77.6768
Cass,111776,2081,33.1378,-94.0591
Carson City,3095,94,39.1511,-119.7474
Morris,307148,24495,40.7966,-74.4772
Albany,72863,4641,41.3099,-105.6085
Dutchess,177474,5188,41.6191,-73.7944
Herkimer,4234,79,43.1859,-75.0151
Cabarrus,18072,747,35.4764,-80.6403
Forsyth,45961,878,36.2587,-80.2360
Johnston,12258,829,35.4669,-78.1612
Mecklenburg,131374,3482,35.0864,-80.8915
Onslow,3393,95,34.7498,-77.3209
Trumbull,21194,1762,41.3421,-80.5277
Clackamas,13667,445,45.4239,-122.4470
Northampton,138546,7344,36.4965,-77.6448
Pike,40281,1465,41.3666,-74.6997
Knox,22826,334,33.4680,-99.5236
Alexandria city,57768,1345,33.4680,-99.5236
Hanover,9217,672,37.7668,-77.3706
James City,10701,716,37.7668,-77.3706
Prince Edward,3468,97,37.2959,-78.4002
Prince William,142980,2483,38.6473,-77.3459
Columbia,47160,2699,46.3168,-117.9769
Grays Harbor,782,1,46.8304,-124.0898
Yakima,102811,3306,46.7026,-120.7560
Elmore,10184,283,32.6314,-86.3268
Limestone,4352,61,31.3070,-96.6293
Tuscaloosa,18125,278,33.2302,-87.4827
San Benito,3458,140,36.8457,-121.5384
Clear Creek,849,44,39.7241,-105.4306
Pueblo,9608,606,38.2351,-104.3434
Routt,3310,246,40.2738,-106.9574
Summit,77184,4581,39.5817,-105.8681
Weld,103906,5638,40.8691,-104.2259
Osceola,32746,662,28.3349,-81.3539
Gordon,6021,667,34.4379,-84.6999
Henry,46068,1226,36.2933,-88.3065
Ada,42237,975,43.7223,-116.3861
Butler,57426,1696,41.1983,-97.2974
St. Charles,67428,4398,29.9986,-90.4036
St. Tammany,78709,6364,30.3687,-89.7495
Terrebonne,27362,1930,29.3864,-90.7081
Cumberland,147625,5336,39.3265,-75.0306
Anne Arundel,121939,5662,39.1457,-76.7745
Charles,37981,2523,38.2646,-76.8496
Bay,14163,670,30.2549,-85.9511
Charlevoix,825,52,45.2719,-84.9413
Leelanau,515,1,44.8960,-85.9900
Macomb,320970,33806,42.5809,-83.0305
Wright,8958,57,42.6593,-93.5012
Copiah,8294,97,31.9903,-90.3540
Leflore,9295,993,33.5173,-90.3444
Pearl River,9717,1097,30.5740,-89.6419
Gallatin,9721,53,37.9025,-88.1279
Lewis and Clark,1076,1,46.7289,-112.0627
Silver Bow,761,1,46.0366,-112.5396
Yellowstone,4918,90,46.0988,-108.8789
Ocean,386561,25737,40.0384,-74.1678
Schenectady,28559,1335,42.8614,-73.9206
Oklahoma,50656,2218,35.5706,-97.5567
Chester,96619,8161,35.4445,-88.6531
McCook,270,56,43.5978,-97.2926
Hamilton,164844,9675,30.3317,-82.7562
Rutherford,44435,1078,35.3624,-81.8360
Bell,12374,187,31.0525,-97.4790
Galveston,36070,1399,29.4128,-94.9658
Smith,15624,566,32.2222,-95.2217
Travis,112798,3072,30.4088,-98.0451
Harrisonburg city,26642,758,30.4088,-98.0451
Grant,28375,1451,47.1949,-119.3186
Milwaukee,232645,11429,42.9370,-88.0018
Racine,39087,896,42.8088,-88.2150
Sheboygan,3535,144,43.6766,-87.9478
Fremont,10347,210,43.0069,-108.9205
Baldwin,23720,931,30.2758,-87.7014
Graham,933,13,35.4328,-83.8248
San Luis Obispo,12330,61,35.7309,-120.8702
Boulder,38112,2350,40.0726,-105.5136
Mesa,2748,1,39.0877,-108.5673
Hartford,364287,42254,41.5832,-72.8915
New Haven,450362,32884,41.3265,-73.0833
Coweta,14336,290,33.3260,-84.6371
Kauai,1346,2,22.2186,-159.5610
Blaine,31376,310,41.8272,-100.1046
Teton,6154,42,43.7737,-111.0312
DuPage,238774,11841,41.7635,-87.9456
Sangamon,11844,946,39.7577,-89.9026
Woodford,2019,58,40.7406,-89.0181
LaPorte,14467,625,41.7563,-86.8181
Wells,796,1,47.7926,-99.6528
Franklin,305764,13003,46.5737,-119.0013
Bourbon,918,137,37.8365,-94.8820
Nelson,2072,5,48.0132,-98.0004
Bossier,17991,1011,32.5606,-93.5625
Lafourche,38838,2697,29.5164,-90.3291
St. John the Baptist,44467,3912,29.9205,-90.6458
Barnstable,55986,3469,41.6012,-70.6364
Bristol,247685,12541,36.6179,-82.1607
Renville,312,1,48.8683,-101.5678
Missoula,2328,62,47.0326,-114.3397
Mercer,263328,15803,37.3688,-81.0961
Sandoval,23920,921,35.2366,-106.6191
Broome,19306,1388,42.1716,-75.8586
Tioga,5586,612,42.2149,-76.4960
Tompkins,8376,105,42.4113,-76.4883
Brunswick,4213,200,34.2830,-78.0290
Craven,4663,195,35.2155,-77.4337
Harnett,9954,674,35.3999,-78.8140
Belmont,12221,407,40.0105,-80.8814
Lorain,27329,2036,41.2665,-82.3040
Tuscarawas,9239,52,40.2761,-81.5949
Allegheny,82690,5768,40.4170,-80.0544
Beaufort,18076,608,35.3030,-76.7889
Lexington,24157,1104,37.7825,-79.4440
Campbell,8937,541,44.2752,-105.4984
Brazoria,33727,411,29.0455,-95.5673
Hays,11374,107,30.0392,-97.8915
Windsor,2660,134,43.3300,-72.5262
Chesterfield,46228,1210,37.3273,-77.3194
Spotsylvania,13144,186,38.3036,-77.7276
Klickitat,1212,164,45.6599,-120.9698
Winnebago,58171,1646,44.0391,-88.7378
Garland,6998,30,34.4269,-93.0887
Saline,28955,207,40.4809,-96.9646
San Bernardino,153673,6350,34.0714,-117.6981
Santa Barbara,53168,467,34.4382,-119.6286
Garfield,7106,175,46.4737,-117.5967
Baker,2919,287,30.2752,-82.1603
Citrus,5970,593,28.8006,-82.3372
Clarke,19268,1284,39.0933,-78.0601
Clayton,48326,1867,33.4773,-84.3600
Dougherty,92735,6989,31.4756,-84.1010
Newton,23728,968,30.8502,-93.7537
Maui,6571,287,21.0704,-156.8355
Clinton,30657,1275,44.6951,-73.4563
Whiteside,5039,377,41.7173,-89.9238
Allamakee,4849,196,43.2084,-91.2960
St. Bernard,28170,1022,29.8625,-89.8877
Lincoln,77311,1764,47.3048,-117.9713
Baltimore city,165011,7739,47.3048,-117.9713
Hampden,231595,21671,42.2125,-72.6411
Plymouth,309218,18087,42.8110,-96.2666
Ottawa,25892,1140,36.9316,-94.8706
Waseca,728,1,43.8938,-93.4939
Hinds,34530,732,32.3163,-90.2124
Erie,233237,17548,43.0085,-78.6308
Putnam,86198,4050,38.4730,-81.8124
Watauga,674,1,36.2074,-81.7860
Wilson,28591,835,29.2358,-97.9636
Lucas,83189,7488,41.0176,-93.3095
Medina,13871,966,29.3532,-99.1621
Cleveland,28346,1818,35.5127,-81.6168
Kay,3015,348,36.6788,-97.3281
Payne,2523,40,36.2313,-96.9302
Yamhill,2894,398,45.2110,-123.1918
Lehigh,168161,6164,40.5165,-75.5545
Luzerne,127114,5148,41.2867,-75.8967
Anderson,14661,547,32.0561,-95.5043
Greenville,49772,1925,34.8821,-82.3336
Horry,15082,957,33.6092,-78.9772
Denton,52575,1316,33.1330,-97.3014
Utah,63126,500,40.0054,-111.7474
Lewis,3412,212,46.7225,-122.9695
Fairbanks North Star Borough,5143,115,46.7225,-122.9695
Cleburne,5745,308,33.7297,-85.4312
Desha,856,1,33.6279,-91.3952
Nevada,2666,62,39.3718,-121.1060
Escambia,33655,1001,30.4158,-87.3028
Hall,145929,2861,34.5470,-100.4400
Paulding,12372,462,33.8771,-84.7710
Troup,9766,333,33.1674,-84.9027
Peoria,6534,247,40.9350,-89.7547
Will,186908,9967,41.4399,-87.6231
Bartholomew,17324,1239,39.2094,-85.9183
Ascension,38548,2386,30.1828,-90.8674
Frederick,71838,3623,39.0902,-78.2230
Talbot,4231,125,32.5789,-84.5516
Benton,54330,3196,46.2826,-119.2937
Blue Earth,3681,11,43.9626,-94.1666
Hancock,27311,1820,40.6179,-80.5999
Hunterdon,38647,2033,40.6159,-74.7720
Somerset,206005,15786,40.5361,-74.5745
Allegany,8579,494,42.3193,-77.7386
Onondaga,67325,3410,43.0409,-76.1438
Ontario,6816,356,42.8095,-77.2582
Durham,47889,1391,36.0418,-78.8091
Geauga,10000,948,41.4318,-81.3351
Canadian,5871,167,35.6014,-98.1247
Sevier,5862,120,35.8873,-83.5678
Bowie,6627,509,33.5076,-94.6167
Matagorda,3817,257,28.8727,-96.2172
Tooele,4309,1,40.4496,-112.3672
Wasatch,10445,57,40.4733,-111.2533
Stafford,19704,142,38.4597,-77.3806
York,73070,1544,40.7795,-97.8114
Outagamie,5815,202,44.4449,-88.5768
Wood,13744,1607,44.6057,-89.8549
Madison,128143,6675,30.4716,-83.4130
Ketchikan Gateway Borough,1095,1,30.4716,-83.4130
Navajo,54771,1777,33.9965,-109.9593
Kern,67390,886,35.6411,-118.4047
Monterey,15321,356,36.6247,-121.6465
Sussex,197981,10144,38.4603,-75.0542
Brevard,17294,481,28.6928,-80.8468
Richmond,35587,1032,34.9386,-79.7608
Whitfield,8456,302,34.8497,-85.0395
Hawaii,4038,1,20.0397,-155.3696
Adair,9316,775,41.2900,-94.5601
Black Hawk,60148,1097,42.4920,-92.3522
Ford,48853,126,40.5709,-88.2471
Lyon,18262,262,39.2639,-119.6356
East Baton Rouge,135049,8748,30.5467,-91.1225
Kennebec,5996,357,44.1910,-69.7921
Oxford,1137,1,44.2190,-70.5113
Otsego,8583,710,42.7978,-74.7506
Martin,24377,730,27.2161,-80.2400
Nicollet,1690,165,44.3296,-93.9659
Cole,3184,62,38.5157,-92.0647
Sarpy,13473,66,41.0718,-95.9255
Gloucester,81895,4107,39.7458,-75.3117
Warren,120203,6817,40.6774,-75.1558
Taos,1262,1,36.7041,-105.4064
Rensselaer,18773,1213,42.5332,-73.7493
Wyoming,5146,335,37.6927,-81.6324
Iredell,8498,219,35.6871,-80.8832
Sampson,9296,48,34.7859,-78.3947
Burleigh,5608,2,46.8140,-100.7695
Coshocton,1253,2,40.2618,-81.8480
Darke,5520,805,40.1157,-84.4966
Mahoning,55403,5934,40.9042,-80.9524
Pawnee,1834,128,40.2428,-96.4074
Lane,3402,122,38.4811,-100.4664
Beaver,24604,3225,40.7355,-80.3091
Calhoun,32051,1539,38.9204,-81.0934
Richland,70435,2574,43.1857,-90.2012
Brazos,15879,956,30.5852,-96.2960
Ellis,10973,464,32.3140,-97.0053
Lubbock,31105,2326,33.6901,-101.9893
Charlottesville city,3749,112,33.6901,-101.9893
Goochland,4210,212,37.6973,-77.8944
Henrico,57662,5393,37.6133,-77.4768
Williamsburg city,1800,135,37.6133,-77.4768
Mason,5326,39,47.3475,-123.0952
Kenosha,34159,773,42.5707,-88.1044
Laramie,8562,67,41.1405,-104.7927
Park,1382,1,44.5212,-109.0550
Talladega,3942,109,33.3891,-86.0361
Kenai Peninsula Borough,1413,29,33.3891,-86.0361
Coconino,37073,2848,36.5920,-111.1071
Bradley,4570,96,35.1097,-84.9097
Faulkner,4999,135,35.2289,-92.3836
Mendocino,814,1,39.4429,-123.3963
Yuma,16631,213,39.7029,-102.2938
Leon,14703,218,30.4551,-84.2527
Sumter,54855,3249,28.6335,-81.9986
Walton,11415,489,30.9746,-86.3099
Houston,23103,995,31.3177,-95.4564
Twin Falls,13561,711,42.5313,-114.3012
Kankakee,34073,1779,41.1450,-88.0539
Kendall,23713,693,29.7844,-98.7289
LaSalle,6299,284,41.1242,-88.8295
Jennings,5492,268,38.9853,-85.6106
Winneshiek,917,1,43.1014,-92.0463
Leavenworth,34061,267,39.1084,-95.0829
Kenton,19080,1291,38.9949,-84.6017
Penobscot,4310,22,44.7835,-68.7352
Rice,8145,71,44.4551,-93.1697
Bolivar,6533,446,34.0900,-90.7206
Coahoma,4329,149,34.3222,-90.4542
DeSoto,23219,560,27.2214,-81.8587
Perry,12440,212,35.7507,-87.7958
St. Louis city,75262,4150,35.7507,-87.7958
Belknap,2478,2,43.4430,-71.5937
Merrimack,11723,413,43.2232,-71.7129
Atlantic,67914,4015,39.5640,-74.5961
Chenango,5914,57,42.6240,-75.3353
Livingston,41651,2196,30.4953,-90.7467
Gaston,9625,255,35.2652,-81.0805
Guilford,33140,1893,35.9905,-79.9937
Hoke,6078,13,34.9358,-79.2999
Moore,26615,665,36.0444,-102.0080
New Hanover,6060,150,34.1230,-77.8834
Morton,2424,118,46.7283,-101.5026
Ashland,777,1,46.5986,-90.6618
Huron,3466,100,41.0796,-82.4066
Miami,18813,1560,40.6020,-85.9275
Berks,159899,8828,40.3711,-75.6306
Lackawanna,58648,5439,41.4846,-75.6660
Cheatham,3633,1,36.2607,-87.0412
Robertson,13288,24,30.8770,-96.5956
Sumner,39838,2158,36.3782,-86.4696
Lavaca,392,40,29.4428,-96.9436
McLennan,5832,224,31.3818,-97.2127
Rusk,2275,63,45.4590,-91.2734
Webb,22437,870,27.6555,-99.6178
Wichita,4389,96,33.9072,-98.5290
Box Elder,1220,45,41.6124,-112.1250
Cache,3826,11,41.9116,-111.9356
Charles City,1016,44,37.3441,-77.0687
Richmond city,32056,844,37.3441,-77.0687
Brown,86123,1262,44.3170,-88.0972
La Crosse,2229,1,43.9075,-90.9165
Chambers,19802,1101,29.7269,-94.8549
Mobile,73289,3898,30.2525,-88.1438
Walker,31994,576,30.7050,-95.5545
Yavapai,9514,182,35.2171,-112.4913
Craighead,6021,12,35.9116,-90.8011
Crittenden,12233,383,35.2267,-90.3241
Independence,954,1,35.7672,-91.5708
Poinsett,1249,70,35.4868,-90.3559
Pope,3840,14,35.3280,-93.2417
Searcy,411,1,36.0290,-92.8078
Sebastian,1001,1,35.3285,-94.2793
Van Buren,6694,318,35.7393,-85.4560
Crowley,1362,76,38.2209,-103.7567
Grand,588,1,40.0565,-106.3782
Morgan,44406,1930,39.6247,-78.2275
Tolland,29628,2381,41.7736,-72.3287
Windham,17138,533,43.1219,-72.4555
Hernando,5718,232,28.4690,-82.5999
Indian River,6001,364,27.6378,-80.4855
Bibb,20061,724,32.9597,-87.1334
Early,11934,1180,31.2988,-84.7170
Effingham,2708,115,38.9537,-88.6259
Glynn,4048,45,31.1450,-81.4740
Laurens,6399,169,32.3835,-82.9917
Peach,3069,147,32.5522,-83.8817
Rockdale,11827,387,33.6645,-83.9967
Owen,1619,55,39.2861,-86.7726
Tippecanoe,11338,133,40.5076,-86.8527
Dubuque,9849,416,42.4477,-90.8448
Muscatine,21346,1097,41.5898,-91.0271
Sedgwick,23865,734,40.9851,-102.2626
Christian,8313,453,39.5919,-89.4258
Daviess,15699,951,38.6679,-86.9974
Henderson,18707,1497,32.3075,-96.0138
Scott,54271,1097,36.3536,-84.5839
Assumption,11253,394,29.9886,-91.0555
Calcasieu,25699,1773,30.2393,-93.0128
Iberia,16225,1281,30.0049,-91.8202
Iberville,25194,1739,30.1610,-91.1495
Lafayette,40275,1438,42.5801,-90.0235
Plaquemines,10699,889,29.3443,-89.4683
St. James,15459,1138,30.0917,-90.8844
St. Landry,11145,2209,30.5280,-92.0851
Webster,10970,418,38.4110,-80.5542
West Baton Rouge,6863,1224,30.4456,-91.2098
Calvert,11110,547,38.4728,-76.4895
Wicomico,28487,711,38.2672,-75.8938
Hampshire,33471,2530,39.4449,-78.6977
Eaton,7954,323,42.6271,-85.0249
Genesee,101369,10539,42.9780,-77.9899
Midland,8753,761,32.0249,-102.1137
Mower,4611,18,43.5133,-92.5078
Holmes,12600,801,30.7234,-85.9374
Jones,23135,480,32.8898,-100.1329
Walthall,2129,1,31.1173,-90.1444
Wilkinson,6316,566,32.8866,-83.3349
Winston,5164,18,34.1496,-87.4027
Yazoo,8674,107,32.6720,-90.5445
Broadwater,274,1,46.4684,-111.6652
Flathead,2281,94,48.0858,-114.6710
Roosevelt,1221,1,33.8609,-103.1071
Nemaha,308,1,40.4787,-95.7313
Elko,997,61,40.7239,-115.4790
Cape May,21668,1598,38.9765,-74.9516
San Miguel,1488,1,35.3037,-105.3913
Schoharie,2181,1,42.7068,-74.3473
Custer,2462,171,41.2863,-99.3824
Grady,6343,258,30.8845,-84.3247
Logan,23813,266,37.6880,-81.8737
McClain,3665,75,35.2404,-97.5998
Lebanon,39327,821,40.3412,-76.4228
Westmoreland,23538,1608,40.4145,-79.5729
Abbeville,1632,1,34.3766,-82.3467
Dorchester,10486,230,38.3357,-76.2238
Saluda,4061,6,33.8573,-81.7313
Dyer,2127,1,36.0465,-89.3777
Cameron,27083,1077,26.0566,-97.4235
Crane,337,17,31.3919,-102.3503
DeWitt,879,44,28.9829,-97.5050
Van Zandt,1064,67,32.5540,-95.8639
Clallam,1139,1,48.1229,-123.0911
Monongalia,6451,252,39.6471,-79.9974
Tucker,267,2,39.0814,-79.6455
Bayfield,207,47,46.4354,-91.0600
Calumet,1876,25,43.9491,-88.0942
Eau Claire,3118,1,44.8030,-91.4387
Ozaukee,6560,630,43.3847,-87.9439
Sauk,3399,184,43.4814,-89.7719
Walworth,11890,493,42.8372,-88.7340
Cullman,3756,20,34.0452,-86.8837
Lamar,14494,397,33.6689,-95.5462
Lauderdale,30565,2038,35.8796,-89.4050
Amador,444,1,38.4190,-120.8232
Imperial,37042,651,33.3548,-115.7306
Broomfield,9627,792,39.9541,-105.0527
New London,37124,2545,41.3502,-72.1023
Dawson,34049,298,32.9307,-102.1256
Heard,877,84,33.3689,-85.1037
Miller,3936,43,33.4361,-93.9960
Muscogee,20427,570,32.5100,-84.8771
Oconee,5997,90,33.9474,-83.5334
Pickens,9599,335,33.3220,-87.9040
Randolph,45030,1778,38.7968,-79.8967
Spalding,11337,648,33.2418,-84.2747
Terrell,10474,1156,30.1508,-102.4080
Tift,8489,429,31.3389,-83.5949
Turner,5116,461,31.6710,-83.6354
Worth,9672,721,31.5103,-83.7368
Bingham,269,1,43.2235,-112.3755
Canyon,14632,345,43.7864,-116.9429
Kootenai,3751,3,47.6726,-116.7472
McLean,8745,317,47.4905,-100.7104
Allen,57991,4650,30.8670,-92.7986
Vanderburgh,9312,89,38.0240,-87.5120
Vigo,5129,381,39.4936,-87.2667
Reno,2113,1,38.1011,-97.9920
Riley,2759,23,39.2990,-96.8276
Calloway,1995,58,36.6145,-88.3206
Catahoula,3623,139,31.8492,-91.6599
De Soto,11494,720,32.0181,-93.7237
Rapides,22128,750,31.3414,-92.4096
Tangipahoa,34982,1354,30.7646,-90.5114
Chisago,1338,62,45.6875,-92.9654
Fillmore,1009,45,40.4149,-97.5871
Humphreys,2315,275,36.0939,-87.7846
Lawrence,21370,1480,35.3218,-87.3013
Marshall,63677,901,40.0139,-80.7328
Rankin,13705,292,32.2778,-89.9896
Tippah,3672,535,34.6380,-88.8431
Dunklin,1378,97,36.0404,-90.1158
Kansas City,40826,981,36.0404,-90.1158
Buffalo,6341,124,44.4214,-92.0044
Nye,2354,23,38.8655,-117.9238
Cheshire,2327,113,42.9494,-72.2997
DoÃ±a Ana,12600,90,42.9494,-72.2997
McKinley,71144,2419,35.0708,-108.8484
Niagara,32588,1376,43.1451,-78.8777
Oneida,32802,1294,45.8047,-89.1708
Carteret,1777,161,34.6973,-77.0572
Pasquotank,3268,206,36.2942,-76.2360
Pitt,9369,96,35.3804,-77.4334
Rowan,23727,1217,35.6821,-80.4275
Stanly,1889,190,35.2336,-80.4303
Ashtabula,9481,975,41.5364,-80.8597
Columbiana,19634,1709,40.8871,-80.6749
Garvin,865,36,34.8392,-97.6105
Centre,6418,172,40.8266,-77.8226
Potter,62300,789,35.1989,-101.8310
Aiken,6745,315,33.8497,-81.6097
Berkeley,20612,762,39.3538,-78.0552
Clarendon,12363,1244,33.6013,-80.3527
Darlington,8831,183,34.4010,-80.0710
Florence,20799,1134,45.8431,-88.6673
Orangeburg,5491,81,33.5301,-80.5712
Blount,6176,189,35.8328,-83.9357
Dickson,4437,2,36.0640,-87.3668
Hamblen,1114,97,36.2047,-83.3005
Maury,3233,30,35.7438,-86.9116
Tipton,14015,124,35.4128,-89.5412
Fannin,2870,85,33.4275,-96.3407
Hockley,1259,62,33.4133,-102.1552
Upshur,1160,1,38.9927,-80.2282
Addison,3749,99,44.1664,-73.2555
Rutland,2816,49,43.5181,-73.2360
Accomack,22873,328,37.9299,-75.6620
Newport News city,9132,419,37.9299,-75.6620
Norfolk city,15176,223,37.9299,-75.6620
Portsmouth city,9852,404,37.9299,-75.6620
Cowlitz,3124,2,46.1796,-122.9577
San Juan,58327,3466,48.5324,-123.0655
Stevens,1397,52,48.2929,-117.7336
Kanawha,9724,517,38.4062,-81.4810
Chippewa,2916,17,45.1988,-91.5666
Dunn,1406,1,44.8893,-91.9084
Green,1743,1,42.6168,-89.3756
Marathon,1523,54,44.9615,-89.6457
Rock,17882,558,42.8386,-89.0698
St. Croix,1921,2,44.9691,-92.4381
Natrona,3207,7,43.4114,-106.2771
Apache,37037,723,36.9221,-109.0753
Cochise,2333,39,31.6858,-109.6896
Butte,1409,3,39.4261,-121.3542
El Dorado,3328,2,38.6750,-121.0490
Siskiyou,354,2,41.6086,-122.8409
Yuba,1290,61,39.3204,-121.4038
Chaffee,3531,755,38.5524,-106.0085
Elbert,4035,85,39.2189,-104.5403
Hinsdale,176,1,38.0836,-107.0306
Montrose,6461,551,38.6084,-107.9827
Highlands,5295,420,27.5908,-81.5081
St. Lucie,16453,1236,27.4096,-80.3538
Lumpkin,3321,44,34.5302,-83.9796
Elkhart,28399,854,41.5336,-86.0138
Story,2903,37,42.1073,-93.6462
Spencer,1369,33,38.1692,-86.8257
Avoyelles,4962,379,30.9540,-92.1884
Beauregard,2621,172,30.5289,-93.4391
Bienville,4746,837,32.3261,-93.2837
Claiborne,5662,446,32.7930,-93.0582
Evangeline,3850,36,30.5696,-92.3169
Ouachita,45134,1306,32.4883,-92.1619
St. Mary,12627,1155,29.8113,-91.6705
Sagadahoc,1328,5,43.9346,-69.8346
Caroline,8815,63,37.9856,-77.5244
Nantucket,703,1,41.2636,-69.9718
Allegan,6902,133,42.4575,-85.6979
Barry,2620,64,36.6707,-93.9399
Berrien,21738,1296,31.0729,-83.1960
Clare,679,85,44.0168,-84.8080
Saginaw,39909,3720,43.4091,-84.3345
Tuscola,6867,885,43.4527,-83.6894
Wexford,577,97,44.5033,-85.6720
Dodge,17118,130,43.5271,-88.5615
Steele,3535,2,47.5974,-97.8994
Wabasha,727,1,44.3707,-92.0420
Attala,8691,280,33.1220,-89.4650
George,857,47,30.9312,-88.5959
Grenada,2552,69,33.7816,-89.8130
Itawamba,3111,234,34.2327,-88.2507
Leake,13385,233,32.6749,-89.4529
Panola,8773,652,32.2436,-94.4561
Simpson,4866,128,31.8730,-89.7340
Tunica,2273,114,34.7032,-90.3796
Bates,386,52,38.0710,-94.0800
Jasper,22829,931,30.6578,-93.9001
Cascade,983,93,47.3533,-111.1698
Ravalli,409,1,46.5110,-114.0787
Strafford,9856,437,43.2534,-70.8856
Lea,744,1,32.4465,-103.2009
Steuben,14482,798,42.1634,-77.0925
Buncombe,7337,373,35.6142,-82.3275
Catawba,4985,115,35.5853,-81.2201
Clermont,6672,179,39.2123,-84.3001
Defiance,1333,56,41.2944,-84.7648
Licking,8734,365,39.9500,-82.5985
Josephine,1367,54,42.2797,-123.6151
Montour,2846,4,40.9615,-76.6120
Dillon,4457,46,34.3406,-79.1663
Edgefield,1817,77,33.7401,-81.8404
Greenwood,3677,22,37.7191,-96.2240
Marlboro,3608,13,34.6438,-79.5867
Newberry,1778,57,34.2681,-81.4196
Cocke,877,1,35.9617,-83.1977
Roane,912,1,38.8025,-81.3531
Bastrop,5861,112,30.2819,-97.2448
Castro,1246,61,34.5324,-102.3111
Deaf Smith,3906,198,34.8232,-102.4001
Oldham,2552,123,35.2456,-102.4262
Albemarle,6344,207,38.1266,-78.4386
Botetourt,1666,142,37.3783,-79.8206
Isle of Wight,5539,115,37.0836,-76.6747
Suffolk city,10706,830,37.0836,-76.6747
Carbon,11579,846,41.8995,-106.2017
Bradford,4506,289,29.9474,-82.1129
Flagler,7411,175,29.4198,-81.3235
Barrow,10535,388,33.9917,-83.7218
Butts,8268,651,33.2524,-83.9030
Chattooga,889,94,34.4835,-85.4776
Clinch,1401,28,30.6881,-82.5721
Coffee,18563,483,35.4085,-85.9639
Tattnall,619,1,32.2806,-82.1387
Twiggs,495,4,32.6060,-83.2460
Valley,223,1,41.4248,-99.1259
Champaign,16975,359,40.3031,-88.1549
Jo Daviess,1005,2,42.4302,-90.1642
Rock Island,24043,759,41.4416,-90.4464
Stephenson,4921,31,42.4929,-89.7949
Ripley,6228,295,39.2373,-85.0931
Cerro Gordo,1044,15,42.9442,-93.3871
Kossuth,204,1,43.0749,-94.0892
Poweshiek,3287,263,41.5833,-92.5274
Sioux,4764,1,46.2218,-101.0999
Tama,15846,702,41.9648,-92.5746
Woodbury,72959,584,42.3975,-96.3516
Mitchell,18759,1575,32.3571,-101.0132
Breathitt,193,1,37.5589,-83.3782
Hardin,11775,286,30.1933,-94.1930
Jessamine,2526,1,37.8299,-84.7096
Acadia,11230,635,30.4037,-92.2145
Cecil,12600,645,39.7003,-76.0586
St. Mary's,13133,473,38.1155,-76.4771
Emmet,1426,125,43.3998,-94.8343
Gladwin,787,45,43.8811,-84.4887
Grand Traverse,1279,275,44.6611,-85.6881
Roscommon,936,1,44.3124,-84.7625
Le Sueur,1859,23,44.2236,-93.5747
Chickasaw,5080,448,43.1173,-92.4155
Oktibbeha,5162,288,33.3451,-89.0458
Pontotoc,1995,206,34.8659,-96.6678
Sunflower,3487,149,33.8101,-90.5304
Tate,2820,16,34.6902,-89.9757
Salem,18379,899,39.6503,-75.3251
Cortland,1794,1,42.6004,-76.1784
St. Lawrence,9449,93,44.7481,-74.9970
Davie,2500,123,35.9468,-80.4045
Granville,9723,312,36.4475,-78.5689
Nash,6363,142,36.0114,-77.8572
Robeson,18469,418,34.4751,-79.0370
Scotland,2315,1,34.7691,-79.4450
Gallia,387,72,38.9776,-82.3374
Portage,14708,2291,44.2607,-89.4087
Muskogee,1830,283,35.5559,-95.6525
Dauphin,40894,1854,40.2657,-76.7126
Schuylkill,23479,749,40.6302,-76.3912
Colleton,2462,254,32.7718,-80.4770
Gibson,3155,67,35.9689,-88.9449
Loudon,3399,1,35.6488,-84.1724
McMinn,4525,311,35.5170,-84.5498
Amherst,988,5,37.4487,-79.1057
Bedford,13399,263,35.4523,-86.2582
Culpeper,15427,177,38.4705,-78.0001
Fluvanna,4026,247,37.8652,-78.2627
Louisa,17364,216,38.0212,-77.9985
Whitman,1041,1,47.0887,-117.0464
Tallapoosa,16338,1910,33.0567,-85.9312
Juneau City and Borough,1613,1,33.0567,-85.9312
Matanuska-Susitna Borough,1170,52,33.0567,-85.9312
La Plata,3797,26,37.0749,-107.5933
Teller,1624,128,38.9450,-105.1619
Burke,14062,725,35.7181,-81.4211
Catoosa,3396,1,34.9318,-85.2460
Liberty,11363,70,30.3906,-84.9857
Dubois,4123,50,38.3934,-86.9404
Wapello,11820,102,40.9176,-92.2177
Natchitoches,5327,372,31.6547,-93.1999
St. Martin,13906,1001,30.3368,-91.8476
Garrett,369,3,39.2924,-79.3525
Queen Anne's,4603,376,38.9853,-76.1677
Kalamazoo,27259,1532,42.3027,-85.5447
Muskegon,19423,1056,43.1621,-86.2519
Newaygo,2224,1,43.3348,-85.8094
Big Stone,140,1,45.5723,-96.2940
Lac qui Parle,118,1,45.0127,-96.1889
Sherburne,5439,42,45.4416,-93.5981
Tallahatchie,824,48,34.0075,-90.0552
Callaway,1456,59,38.6452,-92.1151
Moniteau,1978,19,38.6611,-92.6661
St. Francois,1668,77,37.8618,-90.5892
Taney,653,89,36.6058,-93.2338
Chaves,1710,73,33.1146,-104.3285
Cayuga,3125,60,42.7511,-76.6994
Oswego,4214,15,43.3194,-76.5778
Alamance,8659,372,36.0876,-79.2756
Vance,7608,549,36.3259,-78.4155
Walsh,440,1,48.2924,-97.3730
Sandusky,2296,336,41.4216,-83.2210
Hood River,556,1,45.6354,-121.5522
Cambria,2046,101,40.6048,-78.7072
Georgetown,2832,146,33.5567,-79.0591
Codington,1110,1,44.9987,-96.9742
Hughes,696,1,35.0941,-96.1238
Lyman,301,1,43.9071,-100.0583
Pennington,3463,31,48.0135,-96.2137
Iron,1977,69,46.4104,-90.2695
Danville city,2149,56,46.4104,-90.2695
Rockbridge,524,1,37.9901,-79.5067
Autauga,4908,163,32.6793,-86.4607
Conway,648,68,35.1003,-92.7733
Crawford,22795,450,43.3516,-91.0935
Cross,1477,1,35.4020,-90.7545
Hot Spring,1168,1,34.2602,-92.9610
Stone,1931,2,35.9620,-92.2301
White,12716,256,35.9347,-85.4726
Woodruff,73,1,35.0058,-91.2521
Calaveras,746,2,38.1939,-120.3790
Merced,9210,240,37.4306,-120.7759
Mono,1790,66,38.5834,-119.5160
Delta,3272,155,33.3716,-95.6912
Huerfano,136,1,37.6307,-104.7818
Ben Hill,2043,21,31.7135,-83.2515
Bryan,3824,242,31.9012,-81.3126
Colquitt,12826,539,31.0683,-83.6236
Crisp,9502,249,31.9563,-83.7695
Irwin,1123,43,31.5987,-83.2499
Macon,17794,1225,35.1798,-83.3809
Meriwether,3336,47,32.8870,-84.6781
Stephens,6104,129,32.7566,-98.9125
Bannock,798,4,42.6504,-112.1901
Cassia,1224,65,42.4097,-113.5805
Grundy,5384,91,35.4589,-85.6689
Dearborn,6966,682,39.0676,-84.9053
Decatur,17931,1714,35.5188,-88.2526
Ohio,6830,52,40.0483,-80.6229
Porter,17606,622,41.6850,-86.9804
Starke,1202,98,41.1989,-86.8922
Warrick,6170,936,38.0469,-87.2847
Buchanan,19750,88,37.2754,-82.0988
Cedar,2709,28,42.4555,-97.4698
Doniphan,359,1,39.7518,-94.8889
Pottawatomie,3599,211,35.3525,-96.9647
Woodson,339,1,37.8682,-95.7533
McCracken,3396,113,37.0405,-88.5734
Menifee,291,2,37.9542,-83.6226
Muhlenberg,16148,261,37.0753,-86.9951
Vernon,1709,103,43.6559,-90.3365
Waldo,2546,603,44.4280,-69.0325
Hillsdale,7623,1006,41.7242,-84.4189
Isabella,3403,374,43.6998,-84.7657
Kalkaska,1052,125,44.8366,-85.2871
Lapeer,9327,1340,42.9208,-83.0435
Manistee,649,1,44.2449,-86.2927
Choctaw,5521,203,31.7131,-88.2917
Noxubee,5042,116,33.2367,-88.5781
Cape Girardeau,2895,76,37.2368,-89.7978
Pemiscot,2465,115,36.3318,-89.8242
Saunders,887,27,41.2665,-96.7209
Cibola,4370,168,35.0659,-107.5676
Curry,1793,1,34.8217,-103.3157
Chemung,6511,207,42.0127,-76.7298
Transylvania,503,1,35.1458,-82.8201
Highland,825,31,38.4116,-79.5809
Mayes,1374,205,36.4770,-95.0195
Wagoner,7081,777,35.9641,-95.3791
Clatsop,1295,1,46.1303,-123.3715
Armstrong,2893,148,35.1075,-101.3628
Clearfield,1299,1,40.8745,-78.7274
Juniata,4498,77,40.5686,-77.4047
Brookings,716,1,44.2834,-96.6854
Overton,739,1,36.3875,-85.3265
Comal,3653,356,29.6997,-98.1148
Falls,245,1,31.3711,-97.0763
Grayson,11219,279,33.6233,-96.7286
Hidalgo,21181,366,32.3748,-108.7161
Nueces,9278,122,27.8094,-97.8455
Parker,2364,14,32.7508,-97.6999
Victoria,7478,232,28.8285,-96.9850
Caledonia,767,1,44.6431,-71.9791
Chesapeake city,17100,460,44.6431,-71.9791
Halifax,5755,48,36.4452,-77.6490
Preston,824,14,39.3254,-79.5546
Sweetwater,1111,1,41.6698,-109.2714
Chilton,3668,43,32.9170,-86.7203
Colbert,3787,99,34.7559,-87.7007
Etowah,9249,529,33.9446,-85.9319
Russell,5791,159,36.9792,-82.2960
Wilcox,8708,663,32.0701,-87.2914
Drew,848,55,33.6264,-91.9294
Inyo,1150,42,37.4189,-118.5424
Sutter,1978,123,39.2788,-121.6624
Otero,4112,71,33.1473,-105.8590
Gadsden,7685,28,30.4992,-84.4582
Long,352,14,31.7096,-81.7457
Taylor,18058,358,45.0772,-90.3143
Thomas,12161,1174,41.9033,-100.2699
Ware,8062,582,31.2406,-82.3411
Wilkes,12734,121,36.2469,-81.1142
Idaho,191,1,46.0509,-116.3498
Nez Perce,3590,885,46.3934,-116.9934
Payette,954,85,43.9705,-116.8187
Rush,2324,92,39.4981,-85.4676
Neosho,135,1,37.5186,-95.1742
Shawnee,9168,317,38.8911,-95.6999
Laurel,967,103,37.1209,-84.0804
McCreary,634,1,36.6648,-84.4395
Jefferson Davis,5962,387,30.2355,-92.7481
Morehouse,3896,224,32.7749,-91.9058
Winn,3454,116,31.9240,-92.6425
Dukes,1180,45,41.4565,-70.6069
Iosco,2706,326,44.2337,-83.8033
Lenawee,6244,99,41.7859,-84.0403
Marquette,2727,496,43.7653,-89.4599
Sanilac,2047,243,43.1864,-82.8617
Goodhue,1761,34,44.4088,-93.0303
Winona,3718,720,43.9837,-91.8680
Prentiss,1827,86,34.7080,-88.6620
Cooper,431,1,38.9341,-92.7025
McDonald,474,1,36.5746,-94.3912
Platte,16826,49,42.0089,-104.9711
Ralls,106,1,39.5844,-91.3987
Hill,1056,49,32.1419,-97.3972
Eddy,928,70,32.1767,-104.3739
Rio Arriba,1374,8,36.1769,-106.4245
Chautauqua,2743,113,42.0747,-79.4850
Bertie,3451,130,36.2015,-76.7663
Caldwell,7658,44,29.8785,-97.6831
Duplin,15074,260,34.8271,-77.9247
Hertford,2435,64,36.3567,-76.9105
Lenoir,5613,202,35.2236,-77.6333
McDowell,2118,41,37.4501,-81.7029
Foster,70,1,47.4551,-98.5664
Pickaway,84693,1048,39.5705,-82.9471
Seneca,3077,106,42.6135,-76.8225
Carter,1937,147,36.3688,-82.2919
Creek,4710,340,36.0821,-96.5819
Osage,5192,453,36.5698,-96.7080
Lycoming,5442,316,41.2472,-76.9184
Newport,9323,132,41.4803,-71.3205
Providence,380292,12606,41.8900,-71.3934
Williamsburg,6373,286,37.2692,-76.7076
Meade,1714,81,37.2836,-100.3430
Hawkins,1720,115,36.4745,-82.8593
Atascosa,1255,58,28.9643,-98.4957
Austin,915,1,29.7965,-96.1051
Blanco,365,5,30.4298,-98.3609
Burnet,1200,1,30.5677,-98.2751
Coryell,8835,84,31.4187,-97.5114
Eastland,252,2,32.2136,-98.6721
Erath,795,62,32.0875,-98.3391
Gaines,213,1,32.9419,-102.5657
Grimes,2846,50,30.3874,-96.0895
Guadalupe,5831,4,34.9360,-104.6769
Hale,5806,328,34.2791,-101.8968
Hopkins,10942,1250,33.3222,-95.5606
Hunt,2900,143,32.9324,-96.2471
Kaufman,6180,51,32.7315,-96.1590
Llano,204,1,30.7807,-98.4393
Maverick,2525,15,28.9470,-100.6237
Milam,1041,42,30.8740,-97.1289
San Patricio,1034,1,28.0969,-97.8650
Terry,660,1,33.3377,-102.2059
Tom Green,3039,55,31.4426,-100.4501
Wharton,2354,3,29.1119,-96.4123
Lamoille,1612,60,44.6366,-72.6786
Fredericksburg city,3550,1,44.6366,-72.6786
Manassas city,23168,194,44.6366,-72.6786
Mathews,252,1,37.4984,-76.2883
Nottoway,792,1,37.1812,-78.1307
Roanoke,3332,99,37.2746,-79.8888
Shenandoah,11160,390,38.7394,-78.6513
Ferry,70,1,48.7311,-118.6663
Okanogan,1665,71,48.0536,-119.8994
Raleigh,606,1,37.6095,-81.3050
Iowa,1803,3,42.8419,-90.3961
Juneau,956,53,43.6531,-90.2239
Bullock,2852,58,32.0764,-85.5244
Coosa,1673,53,32.9791,-86.0358
Crenshaw,1834,45,31.8495,-86.2057
Marengo,4404,211,32.4980,-87.8298
La Paz,1438,87,33.9921,-114.4046
Mohave,9859,1032,35.4227,-113.6486
Chicot,566,1,33.3299,-91.2847
Lonoke,2341,4,35.0129,-91.9571
Kit Carson,1189,110,39.3038,-102.4234
Rio Grande,616,4,37.6877,-106.5860
Haralson,1753,84,33.7335,-85.2859
McDuffie,2702,222,33.4666,-82.4992
Toombs,1987,178,32.1713,-82.3298
Tazewell,3080,196,37.0879,-81.8080
Fountain,714,111,40.1089,-87.1577
Posey,716,1,38.2042,-87.9151
Appanoose,329,136,40.8017,-92.8871
Des Moines,1683,39,40.8600,-91.3146
Mahaska,1685,129,41.2855,-92.5371
Monona,758,1,42.0208,-95.9660
Page,6476,492,38.5769,-78.5027
East Feliciana,7738,940,30.9682,-91.1125
Pointe Coupee,6876,816,30.6824,-91.4248
Vermilion,3577,150,29.9750,-92.1266
Gogebic,267,69,46.4767,-89.9336
Ionia,4722,142,42.7824,-85.1374
Mecosta,914,99,43.7505,-85.1436
Missaukee,714,69,44.3325,-85.2969
Oceana,1882,79,43.5595,-86.3477
Ogemaw,772,7,44.4297,-84.0225
Shiawassee,9703,734,43.1168,-83.9693
Kandiyohi,12565,37,45.4054,-94.8397
Sibley,311,1,44.6728,-94.2320
Wilkin,589,146,46.2769,-96.3122
Quitman,1416,51,34.2006,-90.2845
Yalobusha,2404,71,33.9765,-89.6845
Bollinger,246,1,37.3171,-90.0282
Stoddard,2042,59,37.0237,-89.8196
Meagher,69,1,46.5452,-110.9039
Toole,1678,326,48.8777,-111.9062
Kearney,399,1,40.4981,-98.9671
McIntosh,783,20,46.2554,-99.5546
Athens,441,66,39.4016,-81.9549
Muskingum,1402,2,40.1376,-82.0119
Wyandot,1457,109,40.9517,-83.1709
Comanche,8615,133,31.9005,-98.6044
Craig,850,1,37.5013,-80.1119
Okmulgee,1052,2,35.7769,-96.0279
Sequoyah,739,163,35.4578,-94.4984
Tillamook,352,1,45.1208,-123.9766
Wasco,885,39,45.6850,-121.3952
Blair,1620,17,40.5082,-78.4007
Indiana,3923,218,40.8197,-78.8297
Susquehanna,4308,510,41.9506,-75.6095
Cannon,749,1,35.8247,-86.0724
Meigs,971,1,35.5292,-84.7933
Unicoi,169,1,36.1222,-82.4202
Angelina,5252,52,31.2345,-94.7665
Karnes,203,1,28.8858,-97.7134
Nacogdoches,9693,574,31.8126,-94.8411
Rockwall,5208,234,32.9170,-96.4377
Val Verde,803,1,29.3708,-100.8800
Amelia,984,44,37.3366,-77.9882
Fauquier,8728,172,38.6540,-77.6370
Hampton city,7519,116,38.6540,-77.6370
King George,2118,171,38.3282,-77.2423
Lynchburg city,3394,44,38.3282,-77.2423
Pittsylvania,1019,44,37.0954,-79.3029
Poquoson city,397,1,37.0954,-79.3029
Prince George,2818,2,37.2357,-77.3325
Radford city,187,1,37.2357,-77.3325
Southampton,5466,65,36.5778,-77.1989
Vilas,292,1,45.9910,-89.5332
Hot Springs,332,1,43.7819,-108.5679
Covington,7010,71,37.7785,-79.9868
Baxter,355,1,36.2721,-92.2824
Colusa,217,1,39.0742,-121.8988
Kings,16522,87,40.6501,-73.9496
Alamosa,1609,111,37.4767,-105.8396
Costilla,224,1,37.2086,-105.5667
Levy,1106,5,29.4479,-82.4680
Suwannee,7372,731,30.2956,-82.9847
Chattahoochee,1079,1,32.3470,-84.7870
Habersham,16846,596,34.5648,-83.5424
Hart,1487,1,34.2859,-83.1097
Upson,12147,1140,32.9369,-84.3405
Gem,821,1,43.8685,-116.4890
Bureau,660,30,41.3573,-89.7372
Iroquois,3737,93,40.5162,-88.0759
Huntington,815,105,40.7410,-85.5618
Kosciusko,2925,103,41.0743,-85.8923
LaGrange,2132,96,41.6480,-85.4179
Whitley,1915,85,41.2308,-85.3201
Dickinson,720,115,43.3742,-95.1744
Coffey,2860,383,38.2622,-95.7423
Gove,68,1,38.9593,-100.4870
Harvey,550,34,38.0364,-97.3463
McPherson,1336,1,41.5584,-100.9536
Bullitt,3934,175,38.0562,-85.6847
Larue,331,1,37.5668,-85.7353
West Feliciana,7905,288,30.7851,-91.3787
Gratiot,1816,170,43.1807,-84.6793
Beltrami,480,1,47.5065,-94.9970
Faribault,479,1,43.7677,-94.0174
Mahnomen,171,29,47.3219,-95.9512
Kemper,4167,266,32.8302,-88.4771
Neshoba,15675,770,32.7889,-89.2384
Sharkey,301,1,32.9719,-90.8284
Atchison,782,1,40.3392,-95.3920
Chariton,320,1,39.4233,-92.8025
Pettis,2507,23,38.6211,-93.4101
Ray,687,1,39.1956,-94.0523
Valencia,2837,37,34.7687,-106.6447
Person,1471,36,36.3905,-78.9811
Surry,3864,81,36.5233,-80.8671
Latimer,292,61,34.9508,-95.0814
Pittsburg,1720,119,34.8353,-95.8357
Morrow,4092,38,40.5533,-82.8279
Northumberland,7038,71,41.0850,-76.8646
Aurora,362,1,43.5272,-98.5894
Faulk,68,1,45.1913,-99.4659
Todd,5316,8,46.3240,-95.0903
Hood,1192,161,32.4885,-97.8357
Montague,401,44,33.7835,-97.7302
Navarro,1851,122,32.0925,-96.7174
Randall,19972,216,35.0539,-101.8186
Starr,847,2,26.3859,-98.8990
Uvalde,427,1,29.3214,-99.4696
Willacy,711,62,26.4634,-97.9088
Young,243,50,33.1950,-98.7436
Uintah,413,1,40.3695,-109.3556
Bristol city,136,1,40.3695,-109.3556
Galax city,2355,1,40.3695,-109.3556
Roanoke city,4724,166,40.3695,-109.3556
Skamania,179,1,45.6425,-121.9689
Greenbrier,370,1,37.7981,-80.3003
Pleasants,138,1,39.3786,-81.2635
Marinette,910,70,45.0556,-87.7476
Waupaca,780,68,44.3950,-88.7394
Goshen,267,1,41.7852,-104.2650
Washakie,739,29,44.0347,-107.4480
Gila,903,35,34.3199,-111.3051
Glenn,440,1,39.5149,-122.1995
Baca,682,1,37.3861,-102.2801
Moffat,350,2,40.5191,-108.0889
Hendry,8589,337,26.7325,-80.9518
Bulloch,2259,98,32.5383,-81.9297
Jenkins,887,57,32.9149,-81.9490
Murray,3739,35,34.8282,-84.7657
Wheeler,821,1,35.5291,-100.4394
Bonneville,1668,1,43.5258,-111.9308
Switzerland,961,1,38.7427,-85.0783
Vermillion,433,1,39.6670,-87.5203
Wabash,2666,74,38.5276,-87.7103
Keokuk,401,1,41.3651,-91.9533
Boyle,1031,1,37.6420,-84.7769
Bracken,481,1,38.6818,-84.0666
Breckinridge,611,31,37.8312,-86.6304
Nicholas,449,24,38.2865,-80.8410
East Carroll,1934,1,32.8133,-91.1826
Clearwater,149,1,46.4866,-116.2568
Amite,1935,38,31.1611,-90.8006
Gosper,532,1,40.5733,-99.7409
Cattaraugus,3131,52,42.0368,-78.3373
Schuyler,761,1,42.3350,-76.7881
Edgecombe,6552,280,35.9896,-77.5800
Perquimans,851,62,36.1813,-76.4673
Barnes,221,2,46.9428,-98.2238
Divide,67,1,48.9163,-103.2967
Mountrail,2030,2,48.3799,-102.7718
Auglaize,2285,145,40.5558,-84.0796
Van Wert,217,1,40.7852,-84.4559
Le Flore,591,27,34.9699,-94.7205
Nowata,1132,1,36.9146,-95.8047
Clarion,1267,63,41.0210,-79.2782
Huntingdon,6244,22,40.6472,-78.1957
McKean,407,28,41.9604,-78.6413
Snyder,1810,68,40.7625,-76.9408
Deuel,67,1,41.0610,-102.0745
Hamlin,142,1,44.5899,-97.4673
Hutchinson,1226,2,35.7026,-101.5317
Yankton,1938,1,42.8901,-97.3926
Bledsoe,24706,24,35.6026,-85.1984
Hardeman,4998,1,34.2954,-99.7429
Trousdale,45918,134,36.3921,-86.1568
Weakley,1075,1,36.2174,-88.6107
Burleson,829,1,30.3460,-96.5311
Lamb,392,1,34.0120,-102.4147
Lynn,314,44,32.9652,-101.8309
Hopewell city,2276,3,32.9652,-101.8309
New Kent,1392,48,37.5095,-76.9862
Powhatan,999,1,37.5427,-77.9267
Converse,1137,1,42.8565,-105.8624
Sublette,176,1,42.8676,-109.8707
Arkansas,150,1,34.1192,-91.3789
Ashley,891,1,33.1212,-91.5464
Hempstead,468,56,33.5113,-93.5671
Tuolumne,154,1,37.8703,-120.4443
Mineral,1499,10,39.6151,-78.7615
Montezuma,1298,140,37.5017,-108.6600
Glades,656,65,26.8338,-81.0985
Wakulla,1382,53,30.0282,-84.3936
Bacon,2562,77,31.5441,-82.4145
Brooks,2925,354,27.2200,-98.0645
Candler,488,1,32.3958,-82.0621
Owyhee,411,1,42.9840,-116.0918
Bond,445,49,39.0290,-89.5247
Menard,649,1,30.9185,-99.7837
Finney,39181,195,37.9864,-100.9937
Boyd,1946,165,42.8313,-98.4668
Red River,2815,352,33.5523,-94.7804
Sabine,1471,16,31.4541,-93.7979
Cheboygan,1026,61,45.7752,-84.7477
Cottonwood,1985,1,43.9096,-95.0461
Isanti,740,1,45.7223,-93.1717
Otter Tail,1487,1,46.3798,-96.1309
Deer Lodge,197,1,46.0607,-113.0679
Scotts Bluff,2406,1,41.9641,-103.9247
Alleghany,875,25,36.5035,-81.1218
Caswell,1768,27,36.5372,-79.2081
Columbus,9454,678,34.3189,-78.5934
Currituck,402,1,36.3513,-75.9527
Pamlico,438,1,35.1449,-76.8447
Yadkin,3504,58,36.2336,-80.8351
Rogers,3339,201,36.1832,-95.7663
Texas,21274,147,36.8610,-101.2161
Mifflin,2260,18,40.5549,-77.6168
Venango,425,1,41.4716,-79.9311
Fall River,127,1,43.4313,-103.4836
Roberts,922,1,35.6924,-100.6416
Haywood,2292,67,35.5240,-83.0642
McNairy,633,1,35.3570,-88.6169
Obion,915,65,36.2021,-89.0155
Ector,5544,212,32.0105,-102.3587
Kleberg,562,52,27.5095,-97.8610
San Jacinto,597,1,30.5898,-95.1307
Swisher,591,1,34.5374,-101.7743
Waller,2020,3,30.0996,-96.0781
Greensville,2278,278,36.8160,-77.4689
Manassas Park city,6931,125,36.8160,-77.4689
Winchester city,4076,28,36.8160,-77.4689
Wythe,756,44,36.9530,-81.0881
Cabell,2561,1,38.3243,-82.2172
Wetzel,295,1,39.5011,-80.5554
Wirt,175,1,39.0617,-81.3976
Greenlee,147,3,33.0531,-109.3307
St. Francis,14336,13,35.0788,-90.8136
Alpine,108,1,38.8103,-119.8033
Archuleta,449,1,37.2675,-107.0301
Phillips,876,53,40.6831,-102.1725
Appling,4469,397,31.7642,-82.3508
Banks,2135,6,34.3095,-83.6381
Bleckley,1235,1,32.3875,-83.3523
Dade,935,62,34.8741,-85.5096
Dooly,7027,502,32.1956,-83.7596
Gilmer,4537,4,38.9379,-80.8339
Schley,897,59,32.2380,-84.3089
Bonner,248,1,48.3091,-116.5390
Jerome,4574,112,42.7183,-114.5159
Minidoka,1028,1,42.7539,-113.4901
Audubon,358,23,41.5920,-94.8811
Guthrie,1351,59,41.8452,-94.3070
Antrim,588,3,44.9024,-85.0613
Houghton,141,1,47.1277,-88.5085
Itasca,1352,140,47.3207,-93.7859
Meeker,1129,1,44.9431,-94.5197
Watonwan,1441,1,44.0535,-94.8378
Alcorn,630,36,34.9224,-88.4432
Maries,126,1,38.2848,-91.7217
Reynolds,130,2,37.4574,-91.2120
Antelope,245,1,42.3377,-97.9718
Torrance,1177,30,34.7669,-106.0313
Alexander,972,1,35.8162,-81.2962
Grand Forks,12619,75,47.9241,-97.3655
Oliver,65,1,47.1149,-101.2977
Preble,1484,57,39.8564,-84.7922
Ross,2526,55,39.4647,-82.7456
Beckham,270,1,35.2974,-99.6284
Cotton,299,68,34.1954,-98.5881
Love,294,1,33.7935,-97.1426
Barnwell,1444,20,33.2419,-81.3659
Fentress,349,1,36.1857,-85.0096
Giles,734,1,35.0031,-86.8550
Wise,2575,181,33.2099,-97.7709
King William,630,14,37.7458,-77.1315
Petersburg city,2952,95,37.7458,-77.1315
Smyth,750,1,36.8009,-81.6832
Door,1177,118,45.0659,-87.1330
Plumas,241,1,40.0059,-120.9525
Saguache,884,8,38.0862,-106.1407
Emanuel,1142,42,32.5306,-82.5920
Oglethorpe,2563,202,33.9103,-83.2180
Rabun,720,35,34.9196,-83.3854
Screven,1131,65,32.5214,-81.5331
Stewart,1979,7,36.4818,-87.8437
Camas,64,1,43.3489,-114.8006
Ogle,7048,99,42.1236,-89.4040
Barton,1132,29,37.5568,-94.6153
Labette,1196,1,37.2300,-95.1836
Barren,1324,13,37.0047,-85.9263
Edmonson,1840,209,37.1952,-86.2691
Graves,6360,690,36.9211,-88.5226
Powell,66,1,46.5587,-112.4639
Rockcastle,656,1,37.4027,-84.4144
Concordia,2588,206,31.7130,-91.4453
St. Helena,1822,49,30.6823,-90.6545
Arenac,1263,45,43.9794,-83.9637
Branch,3979,116,41.9466,-84.9989
Oscoda,276,28,44.6605,-84.1418
Carlton,3084,1,46.5616,-92.6279
Traverse,155,2,45.5947,-96.8327
Tishomingo,680,1,34.4866,-88.1863
Ste. Genevieve,480,60,38.0147,-90.2214
Musselshell,66,1,46.5987,-107.8683
Kimball,592,1,41.2342,-103.4867
Anson,1924,7,34.9645,-80.0746
McKenzie,740,1,47.8554,-104.0375
Williams,2763,52,48.2521,-103.4618
Malheur,816,1,44.2476,-117.5187
Wallowa,77,1,45.5704,-117.5286
Bamberg,777,2,33.0985,-81.0138
Buckingham,11977,59,37.5541,-78.5514
Franklin city,1316,41,37.5541,-78.5514
King and Queen,273,7,37.6683,-76.8782
Waynesboro city,1121,2,37.6683,-76.8782
Hardy,930,1,39.0674,-78.9624
Oconto,1083,1,45.3006,-88.5146
Conecuh,886,14,31.3001,-87.0270
Dale,2605,1,31.2999,-85.4502
Gulf,64,1,30.1148,-85.1935
Hardee,1972,1,27.5469,-81.8103
Okeechobee,1610,1,27.2172,-80.7927
Lanier,606,78,31.0410,-83.0748
Gooding,1114,1,42.7745,-114.7025
Latah,289,1,46.9282,-116.8896
Massac,276,1,37.1258,-88.6279
Jay,1308,1,40.4920,-85.1468
Pratt,68,1,37.6777,-98.7465
Mackinac,326,1,45.8593,-84.6253
Crow Wing,1660,41,46.1690,-94.3630
Freeborn,2969,2,43.7659,-93.5645
Yellow Medicine,209,1,44.6918,-95.6194
Gasconade,124,1,38.6983,-91.4342
Cuming,730,1,41.8378,-96.7062
Catron,91,40,33.6757,-108.7768
Greer,3526,348,35.0514,-99.5099
Allendale,1083,97,32.9593,-81.2363
Grainger,327,3,36.3322,-83.2852
Hickman,2211,1,35.8042,-87.4577
Sequatchie,396,1,35.2007,-85.3685
Camp,1159,1,32.9997,-94.9668
Colorado,774,2,29.7055,-96.5563
Gonzales,2567,76,29.2698,-97.7658
Gray,3814,27,35.5479,-100.9650
Kerr,469,1,30.0772,-99.2381
Live Oak,331,1,28.4668,-98.1784
San Augustine,1170,69,31.3050,-94.2699
Augusta,3208,43,38.1618,-78.8413
Barbour,3862,77,39.1487,-80.0417
Menominee,375,1,44.9347,-88.7334
Yukon-Koyukuk Census Area,62,1,44.9347,-88.7334
Mississippi,3804,25,35.8592,-90.0260
Sharp,1052,51,36.2959,-91.5696
Del Norte,640,1,41.5322,-124.0063
Telfair,1404,23,32.0635,-82.8968
Macoupin,1830,36,39.1258,-89.8173
Moultrie,328,1,39.6441,-88.7412
Piatt,455,1,39.9229,-88.5724
Blackford,704,57,40.4537,-85.3736
Bremer,2619,193,42.6690,-92.3342
O'Brien,785,2,43.1814,-95.6553
Cloud,214,1,39.4519,-97.5297
Cowley,178,56,37.0679,-96.9958
Bath,294,35,38.0013,-79.8239
Pendleton,606,1,38.6219,-79.2413
Koochiching,155,1,47.9209,-94.2132
Howell,293,1,36.6311,-91.9602
New Madrid,677,17,36.6111,-89.7061
Colfax,16020,60,36.8849,-104.4396
Gage,2078,159,40.2849,-96.5340
Otoe,182,1,40.6762,-95.8613
Yates,1145,155,42.6123,-77.0916
Dare,839,62,35.9475,-75.6275
Gates,622,13,36.4072,-76.7566
Stokes,1378,2,36.4113,-80.2122
Guernsey,1100,6,40.1508,-81.5758
Atoka,77,1,34.2356,-96.2170
Kingfisher,479,2,35.9814,-97.9106
Kiowa,335,1,38.4464,-102.4412
Woodward,103,1,36.4379,-99.2045
Forest,727,11,45.4394,-88.6581
Hampton,1390,8,37.0551,-76.3629
McCormick,364,58,33.7192,-82.2173
Spink,211,1,44.7382,-98.5089
Donley,1393,1,34.8674,-100.6592
Gillespie,199,1,30.2903,-99.2459
Goliad,360,1,28.6708,-97.3916
Jim Wells,304,1,27.7132,-98.1346
Palo Pinto,463,82,32.5509,-98.4979
Salem city,1196,37,32.5509,-98.4979
Pend Oreille,121,1,48.1788,-117.0545
Trempealeau,429,1,44.3705,-91.3476
Uinta,481,1,41.0273,-110.1536
Southeast Fairbanks Census Area,109,1,41.0273,-110.1536
Prairie,121,1,34.9777,-91.5068
Tehama,103,39,40.0270,-122.0981
Las Animas,205,1,37.1225,-104.7396
Rio Blanco,61,1,40.0498,-107.8953
Towns,1002,37,34.9789,-83.5540
De Witt,172,1,40.2218,-88.9612
Jersey,813,40,39.1546,-90.1642
Parke,859,1,39.7665,-87.2295
Osborne,121,1,39.5046,-98.5475
Aroostook,310,13,46.8662,-67.9919
Luce,91,1,46.3538,-85.5098
Glacier,299,1,48.5458,-113.0128
Merrick,1046,1,41.1667,-98.1389
Coos,1239,1,44.4869,-71.2599
Bladen,2426,49,34.7332,-78.7903
Chowan,524,1,36.0580,-76.6008
Slope,176,1,46.4823,-103.3194
Major,224,51,36.3882,-98.1779
McCurtain,756,5,34.0043,-95.0895
Crook,376,1,44.3534,-104.8104
Lampasas,314,1,31.0755,-97.9727
Titus,6146,37,33.1658,-95.1105
Duchesne,379,1,40.4344,-110.0308
Emery,279,1,39.3301,-110.9628
Juab,380,1,39.9197,-111.8258
Millard,303,1,38.8863,-112.4072
Buena Vista city,440,1,38.8863,-112.4072
Emporia city,2104,133,38.8863,-112.4072
Lexington city,270,2,38.8863,-112.4072
Asotin,879,81,46.4152,-117.0502
Barron,531,3,45.5353,-92.0269
Ouray,335,57,38.0276,-107.6734
Dixie,970,22,29.4498,-83.2819
Caribou,60,1,42.6590,-111.5877
Mills,420,1,31.4513,-98.5736
Jewell,214,1,39.9343,-98.0351
McLeod,675,1,44.7699,-94.1513
Nodaway,307,1,40.2880,-95.0795
Beaverhead,60,1,44.6384,-112.5919
Cherry,60,1,42.9230,-101.6997
Los Alamos,331,1,35.8926,-106.2862
Ashe,814,1,36.3944,-81.4898
Tillman,671,23,34.3413,-98.8706
Andrews,1160,1,32.2963,-102.5297
Hemphill,60,1,35.9097,-100.3839
Trinity,567,2,30.9376,-95.3254
Tyler,595,1,39.4947,-80.9070
Staunton city,1057,1,39.4947,-80.9070
Wahkiakum,168,1,46.3076,-123.6344
Manitowoc,952,39,44.1525,-87.9517
Shawano,1170,1,45.0046,-89.0411
Yell,1788,31,35.0530,-93.3902
Geary,743,3,39.0271,-96.8497
Republic,226,1,39.7832,-97.8961
Wabaunsee,1049,1,39.0689,-96.1670
Greenup,620,1,38.5495,-82.7788
Leslie,223,1,37.1620,-83.3779
Letcher,168,1,37.1508,-82.6670
Pipestone,309,1,43.9546,-96.1905
Phelps,625,1,40.5263,-99.6324
Seward,28729,70,40.7782,-97.2825
Pender,1768,30,34.5166,-77.9174
Emmons,107,58,46.4858,-100.2811
Sherman,1229,1,36.4937,-101.7937
Aransas,161,1,28.1670,-97.0060
Petersburg Borough,139,1,56.7566,-132.8727
Izard,486,2,36.1612,-92.1065
Atkinson,975,59,31.3358,-83.0446
Brantley,1634,107,31.2065,-81.9814
Echols,1484,1,31.2065,-81.9814
Jeff Davis,1072,45,30.5784,-103.8921
Treutlen,263,1,32.3782,-82.5945
West Carroll,849,1,32.6038,-91.4814
Presque Isle,484,1,45.2622,-83.6989
Redwood,135,1,44.2098,-95.1297
Gentry,331,7,40.2166,-94.5381
Cheyenne,564,1,41.4082,-102.9708
Stanton,830,1,41.9471,-97.2172
Scioto,587,1,38.8618,-82.8552
Pecos,1106,1,30.8926,-102.8847
Zapata,370,1,26.9027,-99.2612
Appomattox,1041,1,37.3591,-78.8269
Kewaunee,1121,51,44.4607,-87.5133
Waushara,232,1,44.1788,-89.2442
Bethel Census Area,82,1,44.1788,-89.2442
Gilchrist,377,1,29.6092,-82.8146
Power,148,2,42.8847,-112.5942
Coles,2744,205,39.4774,-88.3627
Buena Vista,7773,3,37.7319,-79.3569
Barber,57,1,37.0144,-98.6492
Rooks,307,1,39.2532,-99.5634
Roseau,64,1,48.8445,-95.7624
Swift,380,1,45.2814,-95.7559
Oregon,89,1,36.5974,-91.6461
Bowman,57,1,46.1840,-103.3991
Dewey,120,1,36.1548,-98.9296
Elk,232,13,41.3570,-78.6101
Callahan,249,28,32.4056,-99.5039
Crosby,118,50,33.6413,-101.2377
Dallam,685,17,36.0579,-102.5123
Hansford,530,60,36.0660,-101.4769
Grand Isle,231,1,36.0660,-101.4769
Dinwiddie,1605,1,36.9853,-77.7219
Lunenburg,320,2,36.9608,-78.1283
Rappahannock,374,1,38.6562,-78.2322
Brooke,178,1,40.2811,-80.6102
Ballard,413,1,37.0513,-89.0446
Schoolcraft,187,1,45.9591,-86.2507
Pine,3036,1,45.8367,-92.9683
Stutsman,588,1,47.3000,-98.7321
Oglala Lakota,373,1,43.0270,-102.5525
Bee,332,1,28.5277,-97.7831
Dickens,58,1,33.4701,-100.8556
Frio,1034,1,28.8885,-99.0988
Braxton,95,1,38.8579,-80.6539
Gilpin,102,1,39.7963,-105.5151
Prowers,333,1,38.0740,-102.6155
Stillwater,55,1,45.7071,-109.5471
Burt,246,1,41.9360,-96.4717
White Pine,161,1,38.9157,-115.0643
Corson,112,1,45.6832,-100.7967
Jerauld,582,41,44.1829,-98.3683
Bandera,279,1,29.6383,-98.9869
Jack,203,1,33.1636,-98.3891
McCulloch,162,1,31.1993,-99.5809
Scurry,204,1,32.6366,-100.7523
Sawyer,218,1,45.7976,-91.3005
Trimble,169,1,38.5953,-85.3175
Nobles,47199,87,43.8266,-95.4823
Big Horn,512,1,44.4471,-108.4320
Luna,308,36,32.3161,-107.7602
Sargent,109,1,46.2668,-97.3332
Okfuskee,97,1,35.4903,-96.4793
Miner,56,1,44.1686,-97.7150
Concho,54,1,31.2162,-99.8440
Cooke,469,1,33.5703,-97.0129
Rains,116,1,32.9011,-95.9397
Winkler,150,1,31.7545,-103.1541
Colonial Heights city,3077,320,31.7545,-103.1541
Fairfax city,1863,133,31.7545,-103.1541
Pacific,313,23,46.6755,-123.6648
Niobrara,108,2,42.6643,-104.0913
Prince of Wales-Hyder Census Area,103,1,42.6643,-104.0913
McDonough,2175,133,40.3269,-90.6082
Fleming,110,1,38.4278,-83.8618
Knott,186,1,37.3350,-82.9819
Tensas,240,1,32.0723,-91.2390
Alpena,3608,302,45.0740,-83.4399
Becker,965,1,46.8066,-95.3526
Andrew,557,1,39.8388,-94.8205
Golden Valley,147,1,46.7347,-103.9829
Box Butte,63,1,42.3213,-103.0753
Quay,206,45,35.3581,-103.4449
Rolette,137,1,48.6609,-99.8417
Hocking,1650,86,39.4719,-82.7374
Sanborn,272,1,44.0541,-98.2724
Dimmit,53,1,28.4461,-99.7604
Summers,56,1,37.6652,-80.8828
Price,66,1,45.5301,-90.5868
Geneva,881,1,31.0437,-85.8764
Evans,218,1,32.1613,-81.9093
Kearny,1255,16,37.9820,-101.1333
Owsley,108,2,37.4719,-83.6826
Trigg,397,4,36.8696,-87.8048
Red Lake,102,1,47.8837,-96.2727
Sully,52,1,44.5538,-100.4753
Mingo,158,50,37.7062,-82.2737
Montmorency,236,1,44.8730,-84.3281
Churchill,252,45,39.4151,-118.7165
Alfalfa,51,1,36.5791,-98.4578
Hyde,86,1,35.5472,-76.2261
Motley,51,1,33.8992,-100.8561
Falls Church city,1708,183,33.8992,-100.8561
Green Lake,384,1,43.9704,-88.9505
Casey,75,1,37.3206,-84.9285
Garrard,151,1,37.6152,-84.5817
Tyrrell,197,2,35.9201,-76.2420
Wilbarger,155,1,34.1480,-99.3000
Washburn,63,1,45.8445,-91.5502
Nome Census Area,72,1,45.8445,-91.5502
Alcona,313,35,44.6575,-83.2946
Norman,432,1,47.1761,-96.8015
Holt,83,1,42.3819,-98.5298
Pondera,94,1,48.2905,-112.8363
Morrill,300,1,41.6639,-103.0962
Bosque,228,1,32.0562,-97.7507
Freestone,304,1,31.7897,-96.4610
Kodiak Island Borough,48,1,31.7897,-96.4610
Baraga,48,1,46.7766,-88.4965
Mille Lacs,383,46,45.5689,-93.5900
Nance,150,1,41.4709,-98.0677
Moody,530,1,43.9063,-96.6578
La Salle,114,1,28.4364,-99.2367
Chase,122,1,40.4550,-101.5355
Aitkin,144,1,46.5303,-93.7051
Red Willow,177,1,40.2046,-100.6213
Haskell,822,1,33.1597,-99.7320
Woods,135,1,36.5849,-98.8784
Rhea,2799,1,35.4493,-85.0763
Zavala,252,1,28.7221,-99.8327
Benzie,186,2,44.5203,-85.8728
Kittson,46,1,48.8577,-96.8019
Furnas,217,1,40.2776,-99.7763
Harper,87,1,36.6174,-99.7484
Crockett,487,30,30.7074,-101.2059
Carson,158,1,35.5707,-101.1731
Yoakum,89,1,33.1896,-102.8271
Sanpete,291,3,39.2246,-111.8542
Piscataquis,45,1,39.2246,-111.8542
Morrison,862,1,45.9772,-94.1008
Audrain,870,2,39.2747,-91.5763
Childress,69,1,34.4293,-100.2516
Parmer,1135,1,34.5157,-102.8846
Dixon,783,1,42.2665,-96.8632
Hartley,335,58,35.8914,-102.3933
Lander,619,1,39.4978,-117.0741
Cimarron,43,1,36.5633,-102.7950
Norton city,86,2,36.5633,-102.7950
Patrick,316,1,36.6344,-80.1985
Edwards,205,1,30.0172,-100.2128
Carlisle,130,34,36.9081,-88.8867
Greeley,81,1,41.5484,-98.5305
Harding,41,1,35.9451,-104.1963
Cochran,41,1,33.5997,-102.6133
Jim Hogg,131,1,26.8827,-98.8948
Wheatland,40,1,46.3447,-109.5123
Stanley,316,1,44.3679,-100.3831
Nolan,78,1,32.0851,-100.3194
Ochiltree,1300,64,36.3932,-100.7974
Lemhi,39,1,44.6801,-113.3593
Pembina,189,1,48.8803,-97.4741
Sitka City and Borough,46,1,48.8803,-97.4741
Ransom,168,1,46.5244,-97.9311
Hand,44,1,44.5205,-98.9869
Pocahontas,517,1,38.4353,-79.8116
Pushmataha,54,1,34.5857,-95.3561
Cottle,126,26,34.0144,-100.3038
Mariposa,500,20,37.4797,-119.6374
Metcalfe,111,5,36.9842,-85.6190
Wadena,177,1,46.6290,-95.0878
Vinton,500,18,39.1591,-82.5243
Harney,36,1,43.5568,-119.0804
Lipscomb,71,1,36.2215,-100.2621
Runnels,72,1,31.7396,-99.9559
Frontier,35,1,40.6335,-100.5112
Sierra,47,1,33.1864,-107.2589
Swain,246,3,35.4262,-83.4474
Day,353,1,45.4965,-97.4932
Hitchcock,34,1,40.2284,-100.8351
Garza,131,1,33.1911,-101.3814
Glasscock,34,1,31.8674,-101.4864
Sac,252,1,42.3118,-95.2542
Norton,64,1,36.9314,-82.6262
Kanabec,272,16,45.7957,-93.1524
Brewster,33,1,30.3640,-103.6651
Keith,58,1,41.1316,-101.5853
Briscoe,32,1,34.3674,-101.0555
Coleman,65,1,31.8317,-99.4222
Taliaferro,31,1,33.5601,-82.7950
Yancey,275,1,35.9164,-82.2974
Ritchie,31,1,39.2104,-81.0485
Ellsworth,56,1,38.5876,-98.4120
Refugio,73,1,28.3911,-96.8437
Bailey,239,1,34.2292,-102.7284
Coke,29,1,31.8857,-100.2954
Collingsworth,109,1,34.8538,-100.2141
Ziebach,28,1,45.0495,-101.6013
Valdez-Cordova Census Area,39,1,45.0495,-101.6013
Conejos,30,1,37.2574,-105.9007
Glascock,27,1,33.1534,-82.6250
Harlan,40,1,40.1036,-99.3655
Benson,34,2,48.2875,-99.4344
Traill,233,1,47.3482,-97.4101
Shackelford,27,1,32.5472,-99.1666
Piute,35,1,38.2357,-112.2238
Palo Alto,74,1,43.0266,-94.5272
Kimble,26,1,30.4906,-99.7725
Reeves,108,1,31.4046,-103.5057
Laclede,78,1,37.5486,-92.5961
Dawes,27,1,42.8260,-103.0025
Covington city,63,1,42.8260,-103.0025
Bent,36,1,38.1063,-102.9560
Pickett,51,1,36.5737,-85.1345
Ida,200,1,42.3439,-95.4732
Richardson,21,1,40.2322,-95.7735
Washita,30,1,35.1560,-99.0594
Tripp,83,1,43.3776,-99.8550
Burnett,21,20,45.7813,-92.6836
Pepin,20,1,44.4852,-92.2633
Dent,19,1,37.6398,-91.5346
Archer,19,1,33.5937,-98.6257
Fisher,34,12,32.7460,-100.3794
Little River,62,1,33.7388,-94.1480
Magoffin,29,1,37.7459,-83.0646
Nuckolls,18,1,40.1642,-97.9738
Ness,20,1,38.6406,-99.7443
Storey,16,1,39.3075,-119.6483
Ringgold,47,1,40.7141,-94.2376
Wolfe,15,1,37.7999,-83.4172
Avery,27,1,36.0987,-81.8482
Bottineau,28,1,48.6046,-100.2934
Coal,19,1,34.4708,-96.2209
San Saba,15,1,31.1965,-98.7244
Northwest Arctic Borough,25,1,31.1965,-98.7244
Elliott,14,1,38.0929,-83.1241
Langlade,25,1,45.1415,-89.1556
Hodgeman,29,1,38.1229,-99.7126
Trego,12,1,39.0373,-100.1186
Griggs,12,1,47.5402,-98.2291
Lassen,49,2,40.1419,-120.1399
Hubbard,18,1,46.9170,-95.0596
Benewah,68,1,47.3301,-116.8849
Presidio,9,1,29.5603,-104.3653
Modoc,2,1,41.1964,-120.9494
Hudspeth,12,1,31.9349,-105.1998
Shannon,14,1,36.9817,-91.5749
Reagan,12,1,31.1941,-101.4534
Weston,7,1,43.9847,-104.4268
North Slope Borough,6,1,43.9847,-104.4268
Pershing,11,1,40.4556,-118.2676
Edgar,5,1,39.6148,-87.6905
Thayer,5,1,40.2475,-97.3877
Edmunds,5,1,45.4501,-99.3370
Kingsbury,6,1,44.3862,-97.5498
Bristol Bay Borough,4,1,44.3862,-97.5498
Kinney,4,1,29.1733,-100.4112
Dillingham Census Area,3,1,29.1733,-100.4112
Gregory,3,1,43.0281,-98.8891
Garden,4,2,41.4081,-102.3453
Estill,1,1,37.6969,-83.9684
Rosebud,1,1,45.5977,-106.2975
Dickey,1,1,46.0043,-98.5254
Irion,1,1,31.2619,-100.8208
